var1,var2,total,avg_r,max_r,removeVar1,removeVar2
hv807c,hv008,1,0.9797234977866677,0.9797234977866677,1,1
hv807a,hv008,1,0.9625590106938052,0.9625590106938052,1,1
hv807c,hv008a,1,0.965946506072074,0.965946506072074,1,1
hv807a,hv008a,1,0.9844081616531145,0.9844081616531145,1,1
hv125_1,hv128,1,0.9187964716132996,0.9187964716132996,1,1
hv126_01_2,hv128_01,1,0.9069729975580921,0.9069729975580921,1,1
hv253x_0,hv253b_0,1,0.9107603376151909,0.9107603376151909,1,0
smanem,swanem,1,0.9875504999013155,0.9875504999013155,1,0
hiv05,swanem,1,0.917073756121932,0.917073756121932,1,0
hiv05,smanem,1,0.9163926758357158,0.9163926758357158,1,1
hv024_7,hv023_1,1,0.9999999999999998,0.9999999999999998,1,1
hv024_13,hv023_2,1,0.9999999999999999,0.9999999999999999,1,1
hv024_10,hv023_3,1,1,1,1,1
hv024_12,hv023_5,1,0.9999999999999999,0.9999999999999999,1,1
hv024_11,hv023_6,1,1,1,1,1
hv024_14,hv023_7,1,0.9999999999999998,0.9999999999999998,1,1
hv024_4,hv023_9,1,1,1,1,1
hv024_5,hv023_11,1,1,1,1,1
hv024_9,hv023_13,1,1,1,1,1
sh03_98,hv101_98,1,1,1,1,0
sh110o_9,sh110n_9,1,1,1,1,1
hv023_17,hv007,1,0.969102912697515,0.969102912697515,1,0
hv024_1,hv007,1,0.969102912697515,0.969102912697515,1,0
hml12_1,hml20,1,0.9960360890919955,0.9960360890919955,1,0
hml19_01,hml13_01,1,0.9088548255445286,0.9088548255445286,1,0
hml20_01,hml19_01,1,0.9866310243870142,0.9866310243870142,1,1
hml12_01_1,hml19_01,1,0.9918235513025938,0.9918235513025938,1,1
hml12_01_1,hml20_01,1,0.9947646666498695,0.9947646666498695,1,1
hv024_1,hv023_17,1,1,1,1,1
hv253z_0,hv253c_0,1,0.9060685408439233,0.9060685408439233,1,0
sh110j_9,sh110h_9,1,1,1,1,1
sh110l_9,sh110h_9,1,1,1,1,1
sh110m_9,sh110h_9,1,1,1,1,1
sh110n_9,sh110h_9,1,1,1,1,1
sh110p_9,sh110h_9,1,1,1,1,1
sh110q_9,sh110h_9,1,1,1,1,1
sh110l_9,sh110j_9,1,1,1,1,1
sh110m_9,sh110j_9,1,1,1,1,1
sh110n_9,sh110j_9,1,1,1,1,1
sh110p_9,sh110j_9,1,1,1,1,1
sh110q_9,sh110j_9,1,1,1,1,1
sh110l_9,sh110k_9,1,1,1,1,1
sh110m_9,sh110k_9,1,1,1,1,1
sh110n_9,sh110k_9,1,1,1,1,1
sh110p_9,sh110k_9,1,1,1,1,1
sh110q_9,sh110k_9,1,1,1,1,1
sh110m_9,sh110l_9,1,1,1,1,1
sh110n_9,sh110l_9,1,1,1,1,1
sh110p_9,sh110l_9,1,1,1,1,1
sh110q_9,sh110l_9,1,1,1,1,1
sh110n_9,sh110m_9,1,1,1,1,1
sh110p_9,sh110m_9,1,1,1,1,1
sh110q_9,sh110m_9,1,1,1,1,1
sh110p_9,sh110n_9,1,1,1,1,1
sh110q_9,sh110n_9,1,1,1,1,1
sh110q_9,sh110p_9,1,1,1,1,1
shhivw,hv005,1,0.9782068965062025,0.9782068965062025,1,0
shhivw,hv028,1,0.9798001940627342,0.9798001940627342,1,1
hiv05,shhivw,1,1,1,1,1
hv024_3,hv023_5,1,1,1,1,1
sh03_9,hv101_9,1,1,1,1,0
sh03_99,hv101_99,1,1,1,1,0
hml17_01_0,hv117_01_0,1,0.9595098252860086,0.9595098252860086,1,1
shregion_1,hv024_1,1,1,1,1,1
shregion_2,hv024_2,1,0.9047229429646897,0.9047229429646897,1,1
shregion_3,hv024_3,1,1,1,1,1
shregion_4,hv024_4,1,1,1,1,1
shregion_5,hv024_5,1,0.9999999999999999,0.9999999999999999,1,1
shregion_6,hv024_6,1,1,1,1,1
shregion_7,hv024_7,1,1,1,1,1
shregion_9,hv024_9,1,1,1,1,1
shregion_10,hv024_10,1,1,1,1,1
shregion_11,hv024_11,1,0.9999999999999999,0.9999999999999999,1,1
shregion_12,hv024_12,1,1,1,1,1
shregion_13,hv024_13,1,1,1,1,1
shregion_14,hv024_14,1,1,1,1,1
shregion_15,hv024_15,1,1,1,1,0
shregion_16,hv024_16,1,1,1,1,0
shregion_17,hv024_17,1,0.9999999999999999,0.9999999999999999,1,0
shregion_18,hv024_18,1,1,1,1,0
shregion_19,hv024_19,1,1,1,1,0
shregion_20,hv024_20,1,1,1,1,0
shregion_21,hv024_21,1,1,1,1,0
hv101_01_3,hv218,1,0.9863886522771566,0.9863886522771566,1,0
sh105l_9,hv207_9,1,0.9534111327794201,0.9534111327794201,1,1
sh108_d_9,hv211_9,1,1,1,1,1
sh108_d_9,hv212_9,1,1,1,1,1
shnprovin_6,shpool_8,1,1,1,1,0
shnprovin_7,shpool_9,1,0.9999999999999999,0.9999999999999999,1,0
shnprovin_9,shpool_10,1,1,1,1,0
shnprovin_8,shpool_11,1,1,1,1,0
shnprovin_10,shpool_12,1,0.9999999999999999,0.9999999999999999,1,0
shnprovin_25,shpool_13,1,1,1,1,0
shnprovin_22,shpool_14,1,1,1,1,0
shnprovin_23,shpool_15,1,1,1,1,0
shnprovin_24,shpool_16,1,0.9999999999999999,0.9999999999999999,1,0
shnprovin_16,shpool_23,1,0.9999999999999999,0.9999999999999999,1,0
shnprovin_17,shpool_24,1,1,1,1,0
shnprovin_18,shpool_25,1,1,1,1,0
shnprovin_19,shpool_26,1,1,1,1,0
shnprovin_15,shpool_30,1,1,1,1,0
shnprovin_1,shpool_34,1,0.9999999999999998,0.9999999999999998,1,0
sharrond,shdistr,1,0.9028122080597273,0.9028122080597273,1,0
hv025_2,shdistr,1,0.9825442779135605,0.9825442779135605,1,0
hv025_2,sharrond,1,0.9071300905611517,0.9071300905611517,1,1
shreg_1,hv024_11,1,0.9999999999999999,0.9999999999999999,1,1
shreg_2,hv024_12,1,0.9999999999999999,0.9999999999999999,1,1
shurbrur_1,hv025_1,1,1,1,1,0
shreg_1,hv026_0,1,0.9999999999999999,0.9999999999999999,1,1
sh104h_9,hv209_9,1,0.9243061140375265,0.9243061140375265,1,1
hv024_11,hv006,1,0.9080740634039003,0.9080740634039003,1,0
hv026_0,hv006,1,0.9080740634039003,0.9080740634039003,1,0
hml12_01_2,hml12_2,1,1,1,1,0
shintcg,hv008,1,0.9213958356944107,0.9213958356944107,1,1
sh13,sh11,1,0.9351588850592588,0.9351588850592588,1,0
hv026_0,hv024_14,1,0.9781896172414787,0.9781896172414787,1,1
hv207_9,hv205_99,1,1,1,1,0
hv208_9,hv205_99,1,1,1,1,0
hv221_9,hv205_99,1,1,1,1,0
sh26_9,hv205_99,1,0.9427675985155329,0.9427675985155329,1,0
sh31i_9,hv205_99,1,0.9427675985155329,0.9427675985155329,1,0
sh26_9,hv207_9,1,0.9427675985155329,0.9427675985155329,1,1
sh31i_9,hv207_9,1,0.9427675985155329,0.9427675985155329,1,1
sh26_9,hv208_9,1,0.9427675985155329,0.9427675985155329,1,1
sh31i_9,hv208_9,1,0.9427675985155329,0.9427675985155329,1,1
sh41e_9,hv210_9,1,1,1,1,1
sh41e_9,hv211_9,1,1,1,1,1
sh41e_9,hv212_9,1,1,1,1,1
sh34_9,hv213_99,1,0.9257794106433967,0.9257794106433967,1,0
sh26_9,hv221_9,1,0.9427675985155329,0.9427675985155329,1,1
sh31i_9,hv221_9,1,0.9427675985155329,0.9427675985155329,1,1
sh32_1,hv226_1,1,1,1,1,0
sh32_3,hv226_2,1,0.9182923397111143,0.9182923397111143,1,0
sh32_4,hv226_3,1,1,1,1,0
sh32_5,hv226_4,1,1,1,1,0
sh32_7,hv226_6,1,1,1,1,0
sh32_8,hv226_7,1,0.9723676697747381,0.9723676697747381,1,0
sh32_11,hv226_8,1,1,1,1,0
sh32_12,hv226_12,1,1,1,1,0
sh32_96,hv226_96,1,1,1,1,0
sh32_99,hv226_99,1,1,1,1,1
sh34_9,hv226_99,1,0.9257794106433967,0.9257794106433967,1,1
shlangr_9,shlangi_9,1,1,1,1,0
sh27a_9,sh26_9,1,0.9044545037701764,0.9044545037701764,1,1
sh27b_9,sh26_9,1,0.9044545037701764,0.9044545037701764,1,1
sh27c_9,sh26_9,1,0.9044545037701764,0.9044545037701764,1,1
sh27d_9,sh26_9,1,0.9044545037701764,0.9044545037701764,1,1
sh27e_9,sh26_9,1,0.9044545037701764,0.9044545037701764,1,1
sh27f_9,sh26_9,1,0.9044545037701764,0.9044545037701764,1,1
sh27x_9,sh26_9,1,0.9044545037701764,0.9044545037701764,1,1
sh27b_9,sh27a_9,1,1,1,1,1
sh27c_9,sh27a_9,1,1,1,1,1
sh27d_9,sh27a_9,1,1,1,1,1
sh27e_9,sh27a_9,1,1,1,1,1
sh27f_9,sh27a_9,1,1,1,1,1
sh27x_9,sh27a_9,1,1,1,1,1
sh27e_0,sh27b_0,1,0.9244639300693622,0.9244639300693622,1,0
sh27c_9,sh27b_9,1,1,1,1,1
sh27d_9,sh27b_9,1,1,1,1,1
sh27e_9,sh27b_9,1,1,1,1,1
sh27f_9,sh27b_9,1,1,1,1,1
sh27x_9,sh27b_9,1,1,1,1,1
sh27d_9,sh27c_9,1,1,1,1,1
sh27e_9,sh27c_9,1,1,1,1,1
sh27f_9,sh27c_9,1,1,1,1,1
sh27x_9,sh27c_9,1,1,1,1,1
sh27e_9,sh27d_9,1,1,1,1,1
sh27f_9,sh27d_9,1,1,1,1,1
sh27x_9,sh27d_9,1,1,1,1,1
sh27f_0,sh27e_0,1,0.9282253442790008,0.9282253442790008,1,1
sh27f_9,sh27e_9,1,1,1,1,1
sh27x_9,sh27e_9,1,1,1,1,1
sh27x_9,sh27f_9,1,1,1,1,1
sh31k_9,sh31i_9,1,0.9044545037701764,0.9044545037701764,1,1
sh34_9,sh32_99,1,0.9257794106433967,0.9257794106433967,1,1
sh39d_9,sh39b_9,1,0.9511060255103649,0.9511060255103649,1,0
hv024_3,hv022_6,1,0.9327580299084463,0.9327580299084463,1,0
hv024_4,hv022_8,1,0.9089814194644321,0.9089814194644321,1,0
hv024_7,hv022_14,1,0.9381756211253264,0.9381756211253264,1,0
hv024_14,hv022_19,1,1,1,1,0
hv023_20,hv022_20,1,1,1,1,0
hv023_21,hv022_21,1,1,1,1,0
hv023_22,hv022_22,1,0.9999999999999999,0.9999999999999999,1,0
hv023_23,hv022_23,1,1,1,1,0
hv024_3,hv023_6,1,0.9327580299084463,0.9327580299084463,1,1
hv024_7,hv023_14,1,0.9381756211253264,0.9381756211253264,1,1
hv024_14,hv023_19,1,1,1,1,1
hv202_99,hv201_99,1,1,1,1,0
shlangr_3,shlangi_3,1,0.9383870206010583,0.9383870206010583,1,1
hv026_1,hv024_1,1,1,1,1,1
shregion_5,hv024_1,1,1,1,1,1
hv026_4,hv025_2,1,1,1,1,1
shregion_5,hv026_1,1,1,1,1,1
sh118e_9,hv212_9,1,0.9364637151490446,0.9364637151490446,1,1
sh16_0,hv106_0,1,0.9990679810836798,0.9990679810836798,1,0
sh17a_4,hv106_3,1,1,1,1,0
sh16_0,hv109_0,1,0.9990679810836798,0.9990679810836798,1,1
sh17a_4,hv109_5,1,1,1,1,1
sh19a_0,hv122_0,1,0.9271905962488467,0.9271905962488467,1,1
sh19a_1,hv122_1,1,1,1,1,0
sh19a_4,hv122_3,1,1,1,1,0
sh17a_0,sh16_0,1,0.9472367175649069,0.9472367175649069,1,1
sh16_01_0,hv106_01_0,1,1,1,1,0
sh17a_01_4,hv106_01_3,1,1,1,1,0
sh16_01_0,hv109_01_0,1,1,1,1,1
sh17a_01_4,hv109_01_5,1,1,1,1,1
sh19a_01_4,hv122_01_3,1,0.9999999999999999,0.9999999999999999,1,0
sh17a_01_0,sh16_01_0,1,0.9495687553038933,0.9495687553038933,1,1
hv031_152,hv024_9,1,1,1,1,1
hv031_142,hv024_10,1,0.9277367342673492,0.9277367342673492,1,1
sh28e_9,hv211_9,1,0.9128241907819238,0.9128241907819238,1,1
shlangi_2,shlangq_2,1,0.9039321949754332,0.9039321949754332,1,0
shlangi_4,shlangq_4,1,0.991739005310123,0.991739005310123,1,1
shlangi_5,shlangq_5,1,1,1,1,0
shlangi_6,shlangq_6,1,0.9424609956049327,0.9424609956049327,1,0
sh28e_9,sh28d_9,1,1,1,1,1
hv122_01_0,hv110_01_0,1,0.9383495446341482,0.9383495446341482,1,0
hv122_01_9,hv110_01_9,1,0.9700927734736702,0.9700927734736702,1,1
hv126_01_1,hv122_01_1,1,1,1,1,0
sh106a4_1,hv201_72,1,0.9488366357761502,0.9488366357761502,1,0
hv026_0,hv023_2,1,0.9999999999999999,0.9999999999999999,1,1
shregnat_5,hv023_2,1,0.9999999999999999,0.9999999999999999,1,1
shregnat_5,hv024_2,1,0.9999999999999999,0.9999999999999999,1,1
shregnat_5,hv026_0,1,0.9999999999999999,0.9999999999999999,1,1
shregnew_1,hv024_2,1,1,1,1,1
shregnew_1,hv026_0,1,1,1,1,1
sh18a_9,hv124,1,0.9380900771115366,0.9380900771115366,1,0
sh20a_9,hv128,1,0.9466353385349511,0.9466353385349511,1,1
hv110_01_9,hv124_01,1,0.9704336193119331,0.9704336193119331,1,0
sh18a_01_9,hv124_01,1,0.9923221262112961,0.9923221262112961,1,0
sh20a_01_9,hv124_01,1,0.9490030722589274,0.9490030722589274,1,0
sh18a_01_9,hv128_01,1,0.9510013807692007,0.9510013807692007,1,1
sh20a_01_9,hv128_01,1,0.9898556598025424,0.9898556598025424,1,1
sh15a_0,hv106_0,1,0.9999999999999999,0.9999999999999999,1,0
shedm_0,hv106_0,1,0.9590939433090073,0.9590939433090073,1,0
sh15a_1,hv106_1,1,0.9703784765936975,0.9703784765936975,1,0
sh15a_3,hv106_2,1,1,1,1,0
shedm_5,hv106_3,1,0.9095042543213955,0.9095042543213955,1,0
sh15a_9,hv106_9,1,1,1,1,0
sh15a_0,hv109_0,1,0.9999999999999999,0.9999999999999999,1,1
shedm_0,hv109_0,1,0.9590939433090073,0.9590939433090073,1,1
shedm_1,hv109_1,1,0.9180428650050619,0.9180428650050619,1,1
shedm_3,hv109_3,1,0.9098379809116889,0.9098379809116889,1,1
shedm_4,hv109_4,1,0.9175059032232469,0.9175059032232469,1,0
shedm_5,hv109_5,1,0.9095042543213955,0.9095042543213955,1,1
sh15a_9,hv109_9,1,1,1,1,1
sh18a_0,hv110_0,1,0.9878475846360589,0.9878475846360589,1,0
sh18a_9,hv110_9,1,0.9493400495365139,0.9493400495365139,1,0
sh18a_0,hv121_0,1,1,1,1,1
sh18a_9,hv121_9,1,0.9999999999999998,0.9999999999999998,1,1
sh20a_9,hv121_9,1,0.91075601424221575,0.91075601424221575,1,1
sh20a_0,hv125_0,1,0.9989475870773047,0.9989475870773047,1,1
sh18a_9,hv125_9,1,0.91075601424221575,0.91075601424221575,1,1
sh20a_9,hv125_9,1,1,1,1,1
sh20a_0,hv126_0,1,1,1,1,1
sh20a_1,hv126_1,1,0.9879935135385178,0.9879935135385178,1,0
sh20a_3,hv126_2,1,0.9999999999999999,0.9999999999999999,1,1
sh18a_9,hv126_9,1,0.91075601424221575,0.91075601424221575,1,1
sh20a_9,hv126_9,1,1,1,1,1
shedm_0,sh15a_0,1,0.9590939433090073,0.9590939433090073,1,1
sh20a_9,sh18a_9,1,0.91075601424221575,0.91075601424221575,1,1
sh15a_01_0,hv106_01_0,1,1,1,1,0
shedm_01_0,hv106_01_0,1,0.970541746484131,0.970541746484131,1,0
sh15a_01_1,hv106_01_1,1,0.9676119643138124,0.9676119643138124,1,0
sh15a_01_3,hv106_01_2,1,1,1,1,0
shedm_01_5,hv106_01_3,1,0.9050023869896433,0.9050023869896433,1,0
sh15a_01_9,hv106_01_9,1,1,1,1,0
sh15a_01_0,hv109_01_0,1,1,1,1,1
shedm_01_0,hv109_01_0,1,0.970541746484131,0.970541746484131,1,1
shedm_01_1,hv109_01_1,1,0.9265993017759491,0.9265993017759491,1,1
shedm_01_2,hv109_01_2,1,0.9203509603251505,0.9203509603251505,1,0
shedm_01_4,hv109_01_4,1,0.9087007148751729,0.9087007148751729,1,0
shedm_01_5,hv109_01_5,1,0.9050023869896433,0.9050023869896433,1,1
sh15a_01_9,hv109_01_9,1,1,1,1,1
sh18a_01_0,hv110_01_0,1,0.976853769802124,0.976853769802124,1,0
sh18a_01_9,hv110_01_9,1,0.9779421356017387,0.9779421356017387,1,1
sh20a_01_9,hv110_01_9,1,0.9779421356017387,0.9779421356017387,1,1
sh18a_01_0,hv121_01_0,1,1,1,1,1
sh18a_01_9,hv121_01_9,1,0.9999999999999999,0.9999999999999999,1,1
sh20a_01_9,hv121_01_9,1,0.9563639357534424,0.9563639357534424,1,1
sh20a_01_0,hv125_01_0,1,1,1,1,0
sh18a_01_9,hv125_01_9,1,0.9563639357534424,0.9563639357534424,1,1
sh20a_01_9,hv125_01_9,1,0.9999999999999999,0.9999999999999999,1,1
shedm_01_0,sh15a_01_0,1,0.970541746484131,0.970541746484131,1,1
sh20a_01_5,sh18a_01_5,1,0.9999999999999998,0.9999999999999998,1,0
sh20a_01_9,sh18a_01_9,1,0.9563639357534424,0.9563639357534424,1,1
hv024_2,hv022_2,1,0.9095956828732851,0.9095956828732851,1,0
shbsprov_2,hv022_2,1,0.9095956828732851,0.9095956828732851,1,0
hv023_4,hv022_6,1,0.9643498124610175,0.9643498124610175,1,0
hv024_4,hv022_6,1,0.9643498124610175,0.9643498124610175,1,0
shbsprov_4,hv022_6,1,0.9643498124610175,0.9643498124610175,1,0
hv023_6,hv022_12,1,0.9185171973113664,0.9185171973113664,1,0
shbsprov_7,hv022_12,1,0.9185171973113664,0.9185171973113664,1,0
hv023_1,hv022_15,1,0.9999999999999999,0.9999999999999999,1,0
hv024_1,hv022_15,1,0.9999999999999999,0.9999999999999999,1,0
shbsprov_1,hv022_15,1,0.9999999999999999,0.9999999999999999,1,0
shbsprov_1,hv023_1,1,0.9999999999999999,0.9999999999999999,1,1
shbsprov_2,hv023_2,1,0.9999999999999999,0.9999999999999999,1,1
shbsprov_3,hv023_3,1,1,1,1,1
shbsprov_4,hv023_4,1,1,1,1,1
shbsprov_6,hv023_5,1,0.9999999999999998,0.9999999999999998,1,1
shbsprov_7,hv023_6,1,1,1,1,1
shbsprov_8,hv023_7,1,1,1,1,1
shbsprov_5,hv023_8,1,1,1,1,0
shbsprov_1,hv024_1,1,0.9999999999999999,0.9999999999999999,1,1
shbsprov_2,hv024_2,1,0.9999999999999999,0.9999999999999999,1,1
shbsprov_3,hv024_3,1,1,1,1,1
shbsprov_4,hv024_4,1,1,1,1,1
shbsprov_6,hv024_5,1,0.9999999999999998,0.9999999999999998,1,1
shbsprov_7,hv024_6,1,1,1,1,1
shbsprov_8,hv024_7,1,1,1,1,1
shbsprov_5,hv024_8,1,1,1,1,1
sh121b_1,sh121a_1,1,0.9186346723278161,0.9186346723278161,1,0
hv103_01_9,hv103_9,1,1,1,1,0
sh24a_0,hv106_0,1,1,1,1,0
sh24a_1,hv106_1,1,0.9860639057366246,0.9860639057366246,1,0
sh24a_3,hv106_2,1,1,1,1,0
sh24a_9,hv106_9,1,0.9999999999999998,0.9999999999999998,1,0
sh24a_0,hv109_0,1,1,1,1,1
sh24a_9,hv109_9,1,0.9999999999999998,0.9999999999999998,1,1
sh24a_01_0,hv106_01_0,1,1,1,1,0
sh24a_01_1,hv106_01_1,1,0.9922531610228261,0.9922531610228261,1,0
sh24a_01_3,hv106_01_2,1,0.9999999999999999,0.9999999999999999,1,0
sh24a_01_9,hv106_01_9,1,1,1,1,0
sh24a_01_0,hv109_01_0,1,1,1,1,1
sh24a_01_9,hv109_01_9,1,1,1,1,1
sh51,v003,1,0.9999999999999999,0.9999999999999999,1,0
sh63w,hv005,1,0.9335272713516538,0.9335272713516538,1,0
sh63w_01,hv005,1,0.927993390387548,0.927993390387548,1,0
sh63w,hv028,1,0.9378392805661785,0.9378392805661785,1,1
sh63w_01,hv028,1,0.9325573776604036,0.9325573776604036,1,1
sh54,hv105,1,0.9992162233158568,0.9992162233158568,1,0
shhivage,hv105,1,0.9982016192641818,0.9982016192641818,1,0
sh51,idxh4,1,0.9999999999999999,0.9999999999999999,1,1
hivline,sh51,1,0.9999999999999999,0.9999999999999999,1,1
shhivage,sh54,1,0.9980727926194036,0.9980727926194036,1,1
sh63w_01,sh63w,1,0.9944451409198999,0.9944451409198999,1,1
hiv05,sh63w,1,0.9801984848814619,0.9801984848814619,1,1
shhivage_01,sh54_01,1,0.9976251480568806,0.9976251480568806,1,0
hiv05,sh63w_01,1,0.9735187640813057,0.9735187640813057,1,1
shecozn_1,hv023_1,1,1,1,1,1
shecozn_2,hv023_2,1,1,1,1,1
shecozn_3,hv023_3,1,1,1,1,1
shecozn_4,hv023_4,1,1,1,1,1
sh03_12,hv101_11,1,1,1,1,0
sh04_1,hv102_1,1,1,1,1,0
sh53_1,hv104_1,1,1,1,1,0
sh53_2,hv104_2,1,0.9999999999999999,0.9999999999999999,1,0
sh53_1,hv117_0,1,0.9801828867741804,0.9801828867741804,1,1
sh53_2,hv117_1,1,0.9801828867741803,0.9801828867741803,1,1
sh53_2,hv118_0,1,0.9871806304218951,0.9871806304218951,1,1
sh53_1,hv118_1,1,0.9871806304218952,0.9871806304218952,1,1
sh03_01_3,hv101_01_3,1,1,1,1,1
sh03_01_4,hv101_01_4,1,1,1,1,0
shres_01_0,hv102_01_0,1,0.9597752224114395,0.9597752224114395,1,0
sh04_01_1,hv102_01_1,1,0.9999999999999999,0.9999999999999999,1,0
shres_01_1,hv102_01_1,1,0.9597752224114395,0.9597752224114395,1,0
shres_01_1,sh04_01_1,1,0.9597752224114395,0.9597752224114395,1,1
sh127r_1,hv024_1,1,0.9683029858129926,0.9683029858129926,1,1
sh127r_2,hv024_2,1,0.9201203005133471,0.9201203005133471,1,1
sh127r_3,hv024_3,1,0.9879577066285863,0.9879577066285863,1,1
sh127r_4,hv024_4,1,0.975888404920134,0.975888404920134,1,1
sh127r_5,hv024_5,1,0.9898621364891056,0.9898621364891056,1,1
sh127r_6,hv024_6,1,0.9471330543174896,0.9471330543174896,1,1
sh127r_7,hv024_7,1,0.9700256026013573,0.9700256026013573,1,1
sh127r_9,hv024_9,1,0.962471709002295,0.962471709002295,1,1
sh127r_10,hv024_10,1,0.9577572775157115,0.9577572775157115,1,1
sh19aa_0,hv106_0,1,0.9999999999999998,0.9999999999999998,1,0
sh19aa_3,hv106_2,1,0.9170899729834007,0.9170899729834007,1,0
sh19aa_0,hv109_0,1,0.9999999999999998,0.9999999999999998,1,1
sh19aa_1,hv109_1,1,1,1,1,1
sh19aa_2,hv109_2,1,1,1,1,0
sh19aa_3,sh19a_3,1,0.9170899729834007,0.9170899729834007,1,1
sh19aa_01_0,hv106_01_0,1,1,1,1,0
sh19aa_01_0,hv109_01_0,1,1,1,1,1
sh19aa_01_1,hv109_01_1,1,1,1,1,1
sh19aa_01_2,hv109_01_2,1,0.9999999999999999,0.9999999999999999,1,0
hv116_01_2,hv115_01_3,1,0.902987494069477,0.902987494069477,1,0
srecent_2,sprelim_2,1,0.9712009627892884,0.9712009627892884,1,0
srecent_3,sprelim_3,1,0.9978163206561091,0.9978163206561091,1,0
sh19aa_01_9,hv124_01,1,0.9354261787442781,0.9354261787442781,1,0
shresid_4,hv025_2,1,1,1,1,1
sh110g_9,hv208_9,1,1,1,1,1
sh110j_9,hv208_9,1,0.9427530802202939,0.9427530802202939,1,1
sh110k_9,hv208_9,1,1,1,1,1
sh119e_9,hv210_9,1,0.9999999999999999,0.9999999999999999,1,1
sh119e_9,hv211_9,1,0.9999999999999999,0.9999999999999999,1,1
sh119e_9,hv212_9,1,0.9999999999999999,0.9999999999999999,1,1
hv237z_0,hv237c_0,1,0.9011725150837351,0.9011725150837351,1,1
hv237z_0,hv237d_0,1,0.9091040037027168,0.9091040037027168,1,0
sh119e_9,hv243b_9,1,0.9999999999999999,0.9999999999999999,1,1
sh110k_9,sh110g_9,1,1,1,1,1
sh17aa_0,hv106_0,1,1,1,1,0
sh17aa_1,hv106_1,1,1,1,1,0
sh17a_2,hv106_2,1,1,1,1,0
sh17aa_2,hv106_2,1,0.9418957625492648,0.9418957625492648,1,0
sh17a_3,hv106_3,1,1,1,1,0
sh17aa_9,hv106_9,1,1,1,1,0
sh17aa_0,hv109_0,1,1,1,1,1
sh17a_1,hv109_1,1,0.9392816431632145,0.9392816431632145,1,1
sh17aa_1,hv109_1,1,0.9392816431632145,0.9392816431632145,1,1
sh17a_3,hv109_5,1,1,1,1,1
sh17aa_9,hv109_9,1,1,1,1,1
sh19aa_0,hv121_0,1,0.9955909985756219,0.9955909985756219,1,1
sh19aa_9,hv121_9,1,0.9999999999999999,0.9999999999999999,1,1
sh17aa_0,sh17a_0,1,0.9727656075861442,0.9727656075861442,1,1
sh17aa_1,sh17a_1,1,1,1,1,1
sh17aa_2,sh17a_2,1,0.9418957625492648,0.9418957625492648,1,1
sh19aa_1,sh19a_1,1,1,1,1,1
sh19aa_2,sh19a_2,1,0.9815580649396294,0.9815580649396294,1,0
sh022_0,sh021_0,1,0.9763095013042067,0.9763095013042067,1,0
sh022_1,sh021_1,1,0.9999999999999999,0.9999999999999999,1,0
hml17_01_2,hml17_2,1,1,1,1,0
sh17aa_01_0,hv106_01_0,1,1,1,1,0
sh17aa_01_1,hv106_01_1,1,1,1,1,0
sh17a_01_2,hv106_01_2,1,1,1,1,0
sh17a_01_3,hv106_01_3,1,1,1,1,0
sh17aa_01_9,hv106_01_9,1,1,1,1,0
sh17aa_01_0,hv109_01_0,1,1,1,1,1
sh17a_01_1,hv109_01_1,1,0.904575330006857,0.904575330006857,1,1
sh17aa_01_1,hv109_01_1,1,0.904575330006857,0.904575330006857,1,1
sh17a_01_3,hv109_01_5,1,1,1,1,1
sh17aa_01_9,hv109_01_9,1,1,1,1,1
sh19a_01_0,hv121_01_0,1,0.9694959930913355,0.9694959930913355,1,1
sh19aa_01_0,hv121_01_0,1,0.9972621440752014,0.9972621440752014,1,1
sh19aa_01_9,hv121_01_9,1,0.9999999999999999,0.9999999999999999,1,1
sh19a_01_0,hv122_01_0,1,0.9665094047519491,0.9665094047519491,1,1
sh19aa_01_0,hv122_01_0,1,1,1,1,1
sh19aa_01_1,hv122_01_1,1,0.9999999999999999,0.9999999999999999,1,0
sh19a_01_2,hv122_01_2,1,1,1,1,1
sh19aa_01_2,hv122_01_2,1,0.9523803566509413,0.9523803566509413,1,1
sh19a_01_3,hv122_01_3,1,1,1,1,0
sh19aa_01_9,hv122_01_9,1,0.9999999999999999,0.9999999999999999,1,1
sh17aa_01_0,sh17a_01_0,1,0.9837693150745924,0.9837693150745924,1,1
sh17aa_01_1,sh17a_01_1,1,1,1,1,1
sh19aa_01_1,sh19a_01_1,1,0.9999999999999999,0.9999999999999999,1,1
sh19aa_01_2,sh19a_01_2,1,0.9523803566509413,0.9523803566509413,1,1
sh022_01_0,sh021_01_0,1,0.9729050360110221,0.9729050360110221,1,0
sh022_01_1,sh021_01_1,1,1,1,1,0
shdist_11,hv023_1,1,1,1,1,1
shdist_6,hv023_2,1,1,1,1,1
shdist2_205,hv023_2,1,1,1,1,1
shdist_3,hv023_3,1,1,1,1,1
shdist2_302,hv023_3,1,1,1,1,1
shdist_10,hv023_4,1,1,1,1,1
shdist2_308,hv023_4,1,1,1,1,1
shdist_7,hv023_5,1,1,1,1,1
shdist2_307,hv023_5,1,1,1,1,1
shdist_2,hv023_6,1,1,1,1,1
shdist2_201,hv023_6,1,1,1,1,1
shdist_8,hv023_7,1,0.9999999999999999,0.9999999999999999,1,1
shdist2_303,hv023_7,1,0.9999999999999999,0.9999999999999999,1,1
shdist_4,hv023_8,1,1,1,1,0
shdist2_301,hv023_8,1,1,1,1,0
shdist_5,hv023_9,1,0.9999999999999998,0.9999999999999998,1,1
shdist2_105,hv023_9,1,0.9999999999999998,0.9999999999999998,1,1
shdist_1,hv023_10,1,0.9999999999999999,0.9999999999999999,1,1
shdist2_305,hv023_10,1,0.9999999999999999,0.9999999999999999,1,1
shdist_9,hv023_11,1,1,1,1,1
shdist2_206,hv023_11,1,1,1,1,1
shdist2_305,shdist_1,1,0.9999999999999999,0.9999999999999999,1,1
shdist2_201,shdist_2,1,1,1,1,1
shdist2_302,shdist_3,1,1,1,1,1
shdist2_301,shdist_4,1,1,1,1,1
shdist2_105,shdist_5,1,0.9999999999999998,0.9999999999999998,1,1
shdist2_205,shdist_6,1,1,1,1,1
shdist2_307,shdist_7,1,1,1,1,1
shdist2_303,shdist_8,1,0.9999999999999999,0.9999999999999999,1,1
shdist2_206,shdist_9,1,1,1,1,1
shdist2_308,shdist_10,1,1,1,1,1
hv125_01,hv124_01,1,0.9264297517927637,0.9264297517927637,1,0
hv128_01,hv125_01,1,0.9881325417635421,0.9881325417635421,1,1
hv121_01_9,hv125_01,1,0.929081794209571,0.929081794209571,1,1
hv122_01_9,hv125_01,1,0.929081794209571,0.929081794209571,1,1
hv126_01_9,hv125_01,1,0.9752196432943799,0.9752196432943799,1,1
shlquest_2,hv024_1,1,0.9254950364792058,0.9254950364792058,1,1
hml17_01_5,hml17_5,1,0.9999999999999998,0.9999999999999998,1,0
hv215_21,hv214_11,1,0.9999999999999998,0.9999999999999998,1,0
hv122_01_2,hv124_01,1,0.9068164529913987,0.9068164529913987,1,0
hv024_5,hv023_10,1,0.9237755630494207,0.9237755630494207,1,1
hv024_9,hv023_11,1,1,1,1,1
sh106az_0,hv237z_0,1,0.9999999999999999,0.9999999999999999,1,1
sh106az_1,hv237z_1,1,1,1,1,1
hiv05,scweight,1,0.9377098785046083,0.9377098785046083,1,0
hv215_24,hv214_26,1,1,1,1,0
sh104h_9,sh104g_9,1,0.9249369400927381,0.9249369400927381,1,0
sh104i_9,sh104g_9,1,0.9110518732542787,0.9110518732542787,1,0
sh104i_9,sh104h_9,1,0.9256420675434694,0.9256420675434694,1,1
sh13_01_0,hv106_01_0,1,1,1,1,0
sh13_01_0,hv109_01_0,1,1,1,1,1
hv101_01_10,hv218,1,0.9058347502486961,0.9058347502486961,1,0
hv024_8,hv023_21,1,0.9299533401408033,0.9299533401408033,1,1
hv024_10,hv023_23,1,0.9711569498737579,0.9711569498737579,1,1
hv024_12,hv023_25,1,0.9002409585063152,0.9002409585063152,1,0
shlangua_6,hv024_1,1,0.9624931319868008,0.9624931319868008,1,1
shlangua_5,hv024_5,1,0.9332942157643324,0.9332942157643324,1,1
sh21_11,hv201_11,1,1,1,1,0
sh21_12,hv201_12,1,0.9999999999999998,0.9999999999999998,1,0
sh21_13,hv201_13,1,1,1,1,0
sh21_23,hv201_32,1,0.9747131748737417,0.9747131748737417,1,0
sh21_41,hv201_41,1,1,1,1,0
sh21_71,hv201_71,1,0.9999999999999998,0.9999999999999998,1,0
sh21_96,hv201_96,1,1,1,1,0
sh21_99,hv201_99,1,0.9999999999999998,0.9999999999999998,1,0
sh28c_0,hv212_0,1,0.9376164898104503,0.9376164898104503,1,0
sh28c_1,hv212_1,1,0.937706309609001,0.937706309609001,1,0
sh14_9,hv106_9,1,0.9485025792569796,0.9485025792569796,1,0
sh14_9,hv109_9,1,0.9485025792569796,0.9485025792569796,1,1
hv121_2,hv110_1,1,0.9812457991896835,0.9812457991896835,1,0
hv122_2,hv110_1,1,0.9128102238424567,0.9128102238424567,1,0
hv126_01_0,hv122_01_0,1,0.9573664400689372,0.9573664400689372,1,1
hv234a_0,hv234_0,1,1,1,1,0
hv234a_9,hv234_999,1,0.9999999999999999,0.9999999999999999,1,0
hv237c_0,hv237_0,1,0.9385132067790116,0.9385132067790116,1,0
hv237c_1,hv237_1,1,0.9382504698914619,0.9382504698914619,1,0
hv237g_9,hv237_9,1,1,1,1,1
hv237g_9,hv237a_9,1,1,1,1,1
hv237g_9,hv237b_9,1,1,1,1,1
hv237g_9,hv237c_9,1,1,1,1,1
hv237g_9,hv237d_9,1,1,1,1,1
hv237g_9,hv237f_9,1,1,1,1,1
hv237x_9,hv237g_9,1,1,1,1,1
hv237z_9,hv237g_9,1,1,1,1,1
sh110m_9,hv243c_9,1,1,1,1,1
sh118f_9,sh118e_9,1,0.925661988576834,0.925661988576834,1,1
hv126_2,hv125_1,1,0.9073302760983076,0.9073302760983076,1,1
hv126_01_2,hv121_01_2,1,0.9573726512475916,0.9573726512475916,1,1
hv126_01_2,hv122_01_2,1,1,1,1,1
sh48,v003,1,1,1,1,0
sh51,hv105,1,0.9992417475107159,0.9992417475107159,1,0
sh48,idxh4,1,1,1,1,1
sh51,hml16,1,0.9991240665779667,0.9991240665779667,1,1
hivline,sh48,1,1,1,1,1
hv026_0,hv023_1,1,0.9956239657704482,0.9956239657704482,1,1
hv030_81,hv023_10,1,0.9186388657525029,0.9186388657525029,1,1
hv031_82,hv023_10,1,0.9186388657525029,0.9186388657525029,1,1
hv024_11,hv023_11,1,1,1,1,1
hv030_101,hv023_12,1,0.9711279285684897,0.9711279285684897,1,1
hv031_102,hv023_12,1,0.9711279285684897,0.9711279285684897,1,1
hv030_81,hv024_10,1,0.9186388657525029,0.9186388657525029,1,1
hv031_82,hv024_10,1,0.9186388657525029,0.9186388657525029,1,1
hv030_101,hv024_12,1,0.9711279285684897,0.9711279285684897,1,1
hv031_102,hv024_12,1,0.9711279285684897,0.9711279285684897,1,1
hv031_12,hv030_11,1,1,1,1,0
hv031_22,hv030_21,1,1,1,1,0
hv031_32,hv030_31,1,0.9888929518491688,0.9888929518491688,1,0
hv031_42,hv030_41,1,0.9999999999999999,0.9999999999999999,1,0
hv031_52,hv030_51,1,1,1,1,0
hv031_62,hv030_61,1,1,1,1,0
hv031_72,hv030_71,1,1,1,1,0
hv031_92,hv030_91,1,0.9999999999999998,0.9999999999999998,1,0
hv031_102,hv030_101,1,1,1,1,1
hv031_112,hv030_111,1,0.9968832733192925,0.9968832733192925,1,0
hv031_122,hv030_121,1,0.993860378891043,0.993860378891043,1,0
hv031_132,hv030_131,1,1,1,1,0
hv031_142,hv030_141,1,0.9999999999999999,0.9999999999999999,1,0
hv031_152,hv030_151,1,1,1,1,0
sh28d_9,hv210_9,1,0.9085487203701144,0.9085487203701144,1,1
sh35_1,hv234_0,1,0.9999999999999999,0.9999999999999999,1,0
sh35_2,hv234_7,1,0.9999999999999999,0.9999999999999999,1,0
sh35_3,hv234_15,1,1,1,1,0
sh35_4,hv234_30,1,1,1,1,0
sh35_5,hv234_995,1,0.9999999999999999,0.9999999999999999,1,0
sh35_9,hv234_999,1,0.9999999999999998,0.9999999999999998,1,0
sh50_1,hv104_1,1,1,1,1,0
sh50_2,hv104_2,1,1,1,1,0
sh07a_6,hv115_0,1,1,1,1,0
sh07a_1,hv115_1,1,0.9999999999999999,0.9999999999999999,1,0
sh07a_2,hv115_2,1,1,1,1,0
sh07a_5,hv115_3,1,1,1,1,0
sh07a_3,hv115_4,1,1,1,1,0
sh07a_4,hv115_5,1,1,1,1,0
sh07a_9,hv115_9,1,1,1,1,0
sh07a_6,hv116_0,1,1,1,1,1
sh07a_9,hv116_9,1,1,1,1,1
sh50_1,hv117_0,1,0.9886666353347093,0.9886666353347093,1,1
sh50_2,hv117_1,1,0.9886666353347094,0.9886666353347094,1,1
sh50_2,hv118_0,1,0.9787023916406717,0.9787023916406717,1,1
sh50_1,hv118_1,1,0.9787023916406717,0.9787023916406717,1,1
sh07a_01_6,hv115_01_0,1,1,1,1,0
sh07a_01_1,hv115_01_1,1,0.9999999999999999,0.9999999999999999,1,0
sh07a_01_2,hv115_01_2,1,1,1,1,0
sh07a_01_5,hv115_01_3,1,1,1,1,0
sh07a_01_3,hv115_01_4,1,1,1,1,0
sh07a_01_4,hv115_01_5,1,1,1,1,0
sh07a_01_9,hv115_01_9,1,1,1,1,0
sh07a_01_6,hv116_01_0,1,1,1,1,1
sh07a_01_9,hv116_01_9,1,1,1,1,1
sh59_01_3,sh58_01_3,1,0.9469637266673719,0.9469637266673719,1,0
sh03_01_2,hv218,1,1,1,1,0
hv246g,hv246b,1,0.9300216882764409,0.9300216882764409,1,0
hv211_9,hv207_9,1,0.9999999999999998,0.9999999999999998,1,1
hv212_9,hv207_9,1,0.9999999999999998,0.9999999999999998,1,1
hv217_0,hv207_9,1,0.9999999999999998,0.9999999999999998,1,1
hv243a_9,hv207_9,1,0.9999999999999998,0.9999999999999998,1,1
hv243c_9,hv207_9,1,0.9999999999999998,0.9999999999999998,1,1
hv243d_9,hv207_9,1,0.9999999999999998,0.9999999999999998,1,1
sh110g_9,hv207_9,1,0.9999999999999998,0.9999999999999998,1,1
sh118f_9,hv207_9,1,0.9999999999999998,0.9999999999999998,1,1
hv211_9,hv209_9,1,0.9999999999999998,0.9999999999999998,1,1
hv212_9,hv209_9,1,0.9999999999999998,0.9999999999999998,1,1
hv217_0,hv209_9,1,0.9999999999999998,0.9999999999999998,1,1
hv226_99,hv209_9,1,0.9999999999999998,0.9999999999999998,1,1
hv227_9,hv209_9,1,0.9999999999999998,0.9999999999999998,1,1
hv243c_9,hv209_9,1,0.9999999999999998,0.9999999999999998,1,1
hv243d_9,hv209_9,1,0.9999999999999998,0.9999999999999998,1,1
sh118f_9,hv209_9,1,0.9999999999999998,0.9999999999999998,1,1
hv217_0,hv211_9,1,0.9999999999999998,0.9999999999999998,1,1
hv226_99,hv211_9,1,0.9999999999999998,0.9999999999999998,1,1
hv243a_9,hv211_9,1,0.9999999999999998,0.9999999999999998,1,1
sh110g_9,hv211_9,1,0.9999999999999998,0.9999999999999998,1,1
sh118f_9,hv211_9,1,0.9999999999999998,0.9999999999999998,1,1
hv217_0,hv212_9,1,0.9999999999999998,0.9999999999999998,1,1
hv226_99,hv212_9,1,0.9999999999999998,0.9999999999999998,1,1
hv243a_9,hv212_9,1,0.9999999999999998,0.9999999999999998,1,1
sh110g_9,hv212_9,1,0.9999999999999998,0.9999999999999998,1,1
hv226_99,hv217_0,1,0.9999999999999998,0.9999999999999998,1,1
hv227_9,hv217_0,1,0.9999999999999998,0.9999999999999998,1,1
hv243a_9,hv217_0,1,0.9999999999999998,0.9999999999999998,1,1
hv243c_9,hv217_0,1,0.9999999999999998,0.9999999999999998,1,1
hv243d_9,hv217_0,1,0.9999999999999998,0.9999999999999998,1,1
sh110g_9,hv217_0,1,0.9999999999999998,0.9999999999999998,1,1
sh118f_9,hv217_0,1,0.9999999999999998,0.9999999999999998,1,1
hv243a_9,hv226_99,1,0.9999999999999998,0.9999999999999998,1,1
hv243c_9,hv226_99,1,0.9999999999999998,0.9999999999999998,1,1
hv243d_9,hv226_99,1,0.9999999999999998,0.9999999999999998,1,1
sh110g_9,hv226_99,1,0.9999999999999998,0.9999999999999998,1,1
sh118f_9,hv226_99,1,0.9999999999999998,0.9999999999999998,1,1
hv243a_9,hv227_9,1,0.9999999999999998,0.9999999999999998,1,1
hv243d_9,hv227_9,1,0.9999999999999998,0.9999999999999998,1,1
sh110g_9,hv227_9,1,0.9999999999999998,0.9999999999999998,1,1
sh118f_9,hv227_9,1,0.9999999999999998,0.9999999999999998,1,1
hv243c_9,hv243a_9,1,0.9999999999999998,0.9999999999999998,1,1
hv243d_9,hv243a_9,1,0.9999999999999998,0.9999999999999998,1,1
sh118f_9,hv243a_9,1,0.9999999999999998,0.9999999999999998,1,1
sh110g_9,hv243c_9,1,0.9999999999999998,0.9999999999999998,1,1
sh118f_9,hv243c_9,1,0.9999999999999998,0.9999999999999998,1,1
sh110g_9,hv243d_9,1,0.9999999999999998,0.9999999999999998,1,1
sh118f_9,hv243d_9,1,0.9999999999999998,0.9999999999999998,1,1
sh109ab_9,sh109aa_9,1,0.9999999999999999,0.9999999999999999,1,0
sh109ac_9,sh109aa_9,1,0.9999999999999999,0.9999999999999999,1,0
sh109ac_9,sh109ab_9,1,0.9999999999999999,0.9999999999999999,1,1
sh118f_9,sh110g_9,1,0.9999999999999998,0.9999999999999998,1,1
sh23_01_9,sh21_01_9,1,1,1,1,0
sheligdvm_1,sheligdvw_0,1,1,1,1,0
sheligdvm_0,sheligdvw_1,1,1,1,1,0
shdistr_7,hv024_4,1,1,1,1,1
sh111e_9,hv208_9,1,1,1,1,1
sh111f_9,hv208_9,1,1,1,1,1
sh111g_9,hv208_9,1,1,1,1,1
sh111h_9,hv208_9,1,1,1,1,1
sh111e_9,hv209_9,1,1,1,1,1
sh111f_9,hv209_9,1,1,1,1,1
sh111g_9,hv209_9,1,1,1,1,1
sh121f_9,hv212_9,1,1,1,1,1
sh111e_9,hv221_9,1,1,1,1,1
sh111f_9,hv221_9,1,1,1,1,1
sh111g_9,hv221_9,1,1,1,1,1
sh111h_9,hv221_9,1,1,1,1,1
sh121f_9,hv243d_9,1,1,1,1,1
sh111f_9,sh111e_9,1,1,1,1,1
sh111g_9,sh111e_9,1,1,1,1,1
sh111h_9,sh111e_9,1,1,1,1,1
sh111g_9,sh111f_9,1,1,1,1,1
sh111h_9,sh111f_9,1,1,1,1,1
sh111h_9,sh111g_9,1,1,1,1,1
sh121g_9,sh121f_9,1,1,1,1,1
sh23_2,hv106_0,1,0.9976969173554483,0.9976969173554483,1,0
sh23_2,hv109_0,1,0.9976969173554483,0.9976969173554483,1,1
sh04a_01_94,sh04a_94,1,1,1,1,0
sh23_01_2,hv106_01_0,1,0.9904012504055202,0.9904012504055202,1,0
sh23_01_2,hv109_01_0,1,0.9904012504055202,0.9904012504055202,1,1
hv116_01_2,hv115_01_4,1,0.9155280005902875,0.9155280005902875,1,0
sh25j_9,hv207_9,1,1,1,1,1
sh25l_9,hv207_9,1,1,1,1,1
sh25m_9,hv207_9,1,1,1,1,1
sh25n_9,hv207_9,1,1,1,1,1
sh25j_9,hv208_9,1,1,1,1,1
sh25l_9,hv208_9,1,1,1,1,1
sh25m_9,hv208_9,1,1,1,1,1
sh25n_9,hv208_9,1,1,1,1,1
sh25l_9,sh25j_9,1,1,1,1,1
sh25m_9,sh25j_9,1,1,1,1,1
sh25n_9,sh25j_9,1,1,1,1,1
sh25m_9,sh25l_9,1,1,1,1,1
sh25n_9,sh25l_9,1,1,1,1,1
sh25n_9,sh25m_9,1,1,1,1,1
sh28h_9,sh28g_9,1,1,1,1,0
sh28j_9,sh28g_9,1,0.9257015644542533,0.9257015644542533,1,0
sh28j_9,sh28h_9,1,0.9257015644542533,0.9257015644542533,1,1
sh111a_1,hv206_1,1,0.9352618993193066,0.9352618993193066,1,0
hv215_96,hv213_96,1,0.9999999999999999,0.9999999999999999,1,0
hv234a_1,hv234_15,1,1,1,1,0
hv246g,hv246e,1,0.9134988176285689,0.9134988176285689,1,0
hv246h,hv246e,1,0.9465117000236429,0.9465117000236429,1,0
hv246i,hv246e,1,0.9176206946154112,0.9176206946154112,1,0
hv246c_99,hv246e,1,0.9464705915899753,0.9464705915899753,1,0
hv246g,hv246f,1,0.9001018670203822,0.9001018670203822,1,0
hv246h,hv246f,1,0.9336851960692142,0.9336851960692142,1,0
hv246i,hv246f,1,0.9023421514566179,0.9023421514566179,1,0
hv246c_99,hv246f,1,0.9315130692199233,0.9315130692199233,1,0
hv246h,hv246g,1,0.9648500581970787,0.9648500581970787,1,1
hv246i,hv246g,1,0.934825880639467,0.934825880639467,1,1
hv246c_99,hv246g,1,0.9649008875494619,0.9649008875494619,1,1
hv246i,hv246h,1,0.9689423765062248,0.9689423765062248,1,1
hv246c_99,hv246h,1,0.9999489273906392,0.9999489273906392,1,1
hv246c_99,hv246i,1,0.9689934066672786,0.9689934066672786,1,1
shdistr_42,hv026_0,1,1,1,1,1
shcounci_1,hv026_1,1,0.9301002970474442,0.9301002970474442,1,1
hv226_99,hv213_99,1,0.925681948596706,0.925681948596706,1,0
sh138_1,hv234_0,1,1,1,1,0
sh138_2,hv234_7,1,1,1,1,0
sh138_3,hv234_15,1,1,1,1,0
sh138_6,hv234_994,1,1,1,1,0
sh138_4,hv234_995,1,1,1,1,0
sh138_9,hv234_999,1,1,1,1,0
hv237x_0,hv237e_0,1,0.9280142734552631,0.9280142734552631,1,1
sh23_0,hv106_0,1,0.9993972843316808,0.9993972843316808,1,0
sh23_9,hv106_9,1,0.992320696679412,0.992320696679412,1,0
sh23_0,hv109_0,1,0.9993972843316808,0.9993972843316808,1,1
sh23_9,hv109_9,1,0.992320696679412,0.992320696679412,1,1
sh23_01_0,hv106_01_0,1,0.9999999999999999,0.9999999999999999,1,0
sh23_01_9,hv106_01_9,1,1,1,1,0
sh23_01_0,hv109_01_0,1,0.9999999999999999,0.9999999999999999,1,1
sh23_01_9,hv109_01_9,1,1,1,1,1
hml12_01_1,hml13_01,1,0.9105611595207797,0.9105611595207797,1,0
hml20_01_1,hml13_01,1,0.9084222807646593,0.9084222807646593,1,0
sh102_11,hv201_11,1,1,1,1,0
sh102_12,hv201_12,1,1,1,1,0
sh102_13,hv201_13,1,0.9999999999999999,0.9999999999999999,1,0
sh102_21,hv201_21,1,1,1,1,0
sh102_31,hv201_31,1,1,1,1,0
sh102_32,hv201_32,1,0.9999999999999998,0.9999999999999998,1,0
sh102_41,hv201_41,1,1,1,1,0
sh102_42,hv201_42,1,1,1,1,0
sh102_81,hv201_43,1,1,1,1,0
sh102_51,hv201_51,1,1,1,1,0
sh102_61,hv201_61,1,1,1,1,0
sh102_71,hv201_62,1,1,1,1,0
sh102_92,hv201_71,1,0.9840440718228122,0.9840440718228122,1,0
sh102_96,hv201_96,1,1,1,1,0
sh102_99,hv201_99,1,0.9999999999999999,0.9999999999999999,1,0
sh110i_9,hv206_9,1,1,1,1,1
sh110j_9,hv206_9,1,1,1,1,1
sh110i_9,hv207_9,1,0.9128096400463902,0.9128096400463902,1,1
sh110j_9,hv207_9,1,0.9128096400463902,0.9128096400463902,1,1
sh110h_9,hv209_9,1,0.9353515271543329,0.9353515271543329,1,1
hv215_99,hv213_99,1,0.9331310622568485,0.9331310622568485,1,0
hv102_9,hv217_0,1,1,1,1,1
hv102_01_9,hv217_0,1,1,1,1,1
sh110i_9,hv221_9,1,0.9128096400463902,0.9128096400463902,1,1
sh110j_9,hv221_9,1,0.9128096400463902,0.9128096400463902,1,1
hv237e_9,hv237_9,1,0.9700772695182525,0.9700772695182525,1,1
hv237e_0,hv237d_0,1,0.9093938679979405,0.9093938679979405,1,0
sh110h_9,hv243a_9,1,0.9353515271543329,0.9353515271543329,1,1
sh110j_9,sh110i_9,1,1,1,1,1
sh123ac_9,sh123ab_9,1,0.9486514539574563,0.9486514539574563,1,0
sh123ad_9,sh123ab_9,1,1,1,1,0
sh123ae_9,sh123ab_9,1,1,1,1,0
sh123af_9,sh123ab_9,1,1,1,1,0
sh123ag_9,sh123ab_9,1,1,1,1,0
sh123ad_9,sh123ac_9,1,0.9486514539574563,0.9486514539574563,1,1
sh123ae_9,sh123ac_9,1,0.9486514539574563,0.9486514539574563,1,1
sh123af_9,sh123ac_9,1,0.9486514539574563,0.9486514539574563,1,1
sh123ag_9,sh123ac_9,1,0.9486514539574563,0.9486514539574563,1,1
sh123ae_9,sh123ad_9,1,1,1,1,1
sh123af_9,sh123ad_9,1,1,1,1,1
sh123ag_9,sh123ad_9,1,1,1,1,1
sh123af_9,sh123ae_9,1,1,1,1,1
sh123ag_9,sh123ae_9,1,1,1,1,1
sh123ag_9,sh123af_9,1,1,1,1,1
hv227_1,hml1a,1,0.9173402336923415,0.9173402336923415,1,1
hml19_1,hml13,1,0.9484374018552629,0.9484374018552629,1,0
hv247_9,hv210_9,1,0.96594259123483,0.96594259123483,1,1
sh121e_9,hv210_9,1,0.9999999999999998,0.9999999999999998,1,1
hv244_9,hv211_9,1,0.9070647240109354,0.9070647240109354,1,1
hv246_9,hv211_9,1,0.9911509908821658,0.9911509908821658,1,1
hv247_9,hv211_9,1,0.96594259123483,0.96594259123483,1,1
sh121e_9,hv211_9,1,0.9999999999999998,0.9999999999999998,1,1
hv244_9,hv212_9,1,0.9070647240109354,0.9070647240109354,1,1
hv246_9,hv212_9,1,0.9911509908821658,0.9911509908821658,1,1
hv247_9,hv212_9,1,0.96594259123483,0.96594259123483,1,1
sh121e_9,hv212_9,1,0.9999999999999998,0.9999999999999998,1,1
hv247_9,hv227_9,1,0.96594259123483,0.96594259123483,1,1
sh121e_9,hv227_9,1,0.9999999999999998,0.9999999999999998,1,1
hv237x_0,hv237f_0,1,0.9323648822254301,0.9323648822254301,1,0
hv244_9,hv243c_9,1,0.9070647240109354,0.9070647240109354,1,1
hv246_9,hv243c_9,1,0.9911509908821658,0.9911509908821658,1,1
hv247_9,hv243c_9,1,0.96594259123483,0.96594259123483,1,1
sh121e_9,hv243c_9,1,0.9999999999999998,0.9999999999999998,1,1
sh121e_9,hv244_9,1,0.9070647240109354,0.9070647240109354,1,1
hv247_9,hv246_9,1,0.9573896516545592,0.9573896516545592,1,1
sh121e_9,hv246_9,1,0.9911509908821658,0.9911509908821658,1,1
sh121e_9,hv247_9,1,0.96594259123483,0.96594259123483,1,1
hv026_0,hv024_7,1,0.9992779100352733,0.9992779100352733,1,1
hv030_66,hv024_7,1,1,1,1,1
hv030_66,hv026_0,1,0.9992779100352733,0.9992779100352733,1,1
hv121_01_9,hv110_01,1,0.9970613063502047,0.9970613063502047,1,0
sh108a_1,hv206_1,1,0.9544061686834198,0.9544061686834198,1,0
sheduc_0,hv106_0,1,1,1,1,0
sheduc_3,hv106_2,1,0.9880580263901709,0.9880580263901709,1,0
sheduc_9,hv106_9,1,1,1,1,0
sheduc_0,hv109_0,1,1,1,1,1
sheduc_1,hv109_1,1,1,1,1,1
sheduc_2,hv109_2,1,1,1,1,0
sheduc_3,hv109_3,1,0.9791326464752783,0.9791326464752783,1,1
sheduc_9,hv109_9,1,1,1,1,1
sheduc_01_0,hv106_01_0,1,1,1,1,0
sheduc_01_3,hv106_01_2,1,0.9642846131473503,0.9642846131473503,1,0
sheduc_01_9,hv106_01_9,1,0.9999999999999999,0.9999999999999999,1,0
sheduc_01_0,hv109_01_0,1,1,1,1,1
sheduc_01_1,hv109_01_1,1,1,1,1,1
sheduc_01_2,hv109_01_2,1,0.9999999999999999,0.9999999999999999,1,0
sheduc_01_3,hv109_01_3,1,0.9399440629419527,0.9399440629419527,1,1
sheduc_01_9,hv109_01_9,1,0.9999999999999999,0.9999999999999999,1,1
hv244_8,sh112a,1,0.9652995073186612,0.9652995073186612,1,0
sh100_11,hv201_11,1,0.9999999999999998,0.9999999999999998,1,0
sh100_12,hv201_12,1,1,1,1,0
sh100_13,hv201_13,1,1,1,1,0
sh100_33,hv201_31,1,0.9871174969210519,0.9871174969210519,1,0
sh100_23,hv201_32,1,0.941883827293754,0.941883827293754,1,0
sh100_41,hv201_41,1,1,1,1,0
sh100_42,hv201_42,1,1,1,1,0
sh100_51,hv201_51,1,1,1,1,0
sh100_61,hv201_61,1,1,1,1,0
sh100_71,hv201_71,1,0.9999999999999999,0.9999999999999999,1,0
sh100_96,hv201_96,1,1,1,1,0
sh102_1,hv205_11,1,0.9999999999999999,0.9999999999999999,1,0
sh102_2,hv205_21,1,1,1,1,0
sh102_4,hv205_22,1,0.9257429545325361,0.9257429545325361,1,0
sh102_8,hv205_31,1,1,1,1,0
sh102_7,hv205_41,1,1,1,1,0
sh102_96,hv205_96,1,1,1,1,0
hv246g,hv246c,1,0.9397339511267155,0.9397339511267155,1,0
shlangq_4,hv024_9,1,0.9595970770611942,0.9595970770611942,1,1
sh101_11,hv201_11,1,1,1,1,0
sh101_12,hv201_12,1,0.9999999999999999,0.9999999999999999,1,0
sh101_13,hv201_13,1,1,1,1,0
sh101_91,hv201_61,1,0.9999999999999999,0.9999999999999999,1,0
sh101_93,hv201_71,1,0.9999999999999999,0.9999999999999999,1,0
sh101_96,hv201_96,1,0.9999999999999999,0.9999999999999999,1,0
hv206_9,hv201_99,1,1,1,1,0
hv207_9,hv201_99,1,1,1,1,0
hv210_9,hv201_99,1,1,1,1,0
hv215_99,hv201_99,1,1,1,1,0
hv226_99,hv201_99,1,1,1,1,0
hv227_9,hv201_99,1,1,1,1,0
hv237_9,hv201_99,1,1,1,1,0
hv244_9,hv201_99,1,1,1,1,0
hv246_9,hv201_99,1,1,1,1,0
sh101_99,hv201_99,1,1,1,1,0
sh111i_9,hv201_99,1,1,1,1,0
sh101_11,hv202_11,1,0.9978682427640863,0.9978682427640863,1,1
sh101_12,hv202_12,1,0.9981297188226367,0.9981297188226367,1,1
sh101_13,hv202_13,1,0.9969025993142726,0.9969025993142726,1,1
sh101_91,hv202_61,1,0.9999999999999999,0.9999999999999999,1,1
sh101_96,hv202_96,1,0.9999999999999999,0.9999999999999999,1,1
hv210_9,hv206_9,1,1,1,1,1
hv215_99,hv206_9,1,1,1,1,1
hv226_99,hv206_9,1,1,1,1,1
hv237_9,hv206_9,1,1,1,1,1
hv244_9,hv206_9,1,1,1,1,1
hv246_9,hv206_9,1,1,1,1,1
sh101_99,hv206_9,1,1,1,1,1
sh111i_9,hv206_9,1,1,1,1,1
hv210_9,hv207_9,1,1,1,1,1
hv215_99,hv207_9,1,1,1,1,1
hv237_9,hv207_9,1,1,1,1,1
hv244_9,hv207_9,1,1,1,1,1
hv246_9,hv207_9,1,1,1,1,1
sh101_99,hv207_9,1,1,1,1,1
sh111i_9,hv207_9,1,1,1,1,1
hv215_99,hv210_9,1,1,1,1,1
hv226_99,hv210_9,1,1,1,1,1
hv237_9,hv210_9,1,1,1,1,1
sh101_99,hv210_9,1,1,1,1,1
sh111i_9,hv210_9,1,1,1,1,1
sh121g_9,hv211_9,1,1,1,1,1
hv226_99,hv215_99,1,1,1,1,1
hv227_9,hv215_99,1,1,1,1,1
hv237_9,hv215_99,1,1,1,1,1
hv244_9,hv215_99,1,1,1,1,1
hv246_9,hv215_99,1,1,1,1,1
sh101_99,hv215_99,1,1,1,1,1
sh111i_9,hv215_99,1,1,1,1,1
hv237_9,hv226_99,1,1,1,1,1
hv244_9,hv226_99,1,1,1,1,1
hv246_9,hv226_99,1,1,1,1,1
sh101_99,hv226_99,1,1,1,1,1
sh111i_9,hv226_99,1,1,1,1,1
hv237_9,hv227_9,1,1,1,1,1
sh101_99,hv227_9,1,1,1,1,1
sh111i_9,hv227_9,1,1,1,1,1
hv244_9,hv237_9,1,1,1,1,1
hv246_9,hv237_9,1,1,1,1,1
sh101_99,hv237_9,1,1,1,1,1
sh111i_9,hv237_9,1,1,1,1,1
sh121g_9,hv243b_9,1,1,1,1,1
sh121g_9,hv243c_9,1,1,1,1,1
hv246_9,hv244_9,1,1,1,1,1
sh101_99,hv244_9,1,1,1,1,1
sh111i_9,hv244_9,1,1,1,1,1
sh101_99,hv246_9,1,1,1,1,1
sh111i_9,hv246_9,1,1,1,1,1
sh111i_9,sh101_99,1,1,1,1,1
sh108cb_9,sh108ca_9,1,1,1,1,0
sh108cc_9,sh108ca_9,1,1,1,1,0
sh108cd_9,sh108ca_9,1,1,1,1,0
sh108ce_9,sh108ca_9,1,1,1,1,0
sh108cf_9,sh108ca_9,1,1,1,1,0
sh108ch_9,sh108ca_9,1,1,1,1,0
sh108cx_9,sh108ca_9,1,1,1,1,0
sh108cc_9,sh108cb_9,1,1,1,1,1
sh108cd_9,sh108cb_9,1,1,1,1,1
sh108ce_9,sh108cb_9,1,1,1,1,1
sh108cf_9,sh108cb_9,1,1,1,1,1
sh108ch_9,sh108cb_9,1,1,1,1,1
sh108cx_9,sh108cb_9,1,1,1,1,1
sh108cd_9,sh108cc_9,1,1,1,1,1
sh108ce_9,sh108cc_9,1,1,1,1,1
sh108cf_9,sh108cc_9,1,1,1,1,1
sh108ch_9,sh108cc_9,1,1,1,1,1
sh108cx_9,sh108cc_9,1,1,1,1,1
sh108ce_9,sh108cd_9,1,1,1,1,1
sh108cf_9,sh108cd_9,1,1,1,1,1
sh108ch_9,sh108cd_9,1,1,1,1,1
sh108cx_9,sh108cd_9,1,1,1,1,1
sh108cf_9,sh108ce_9,1,1,1,1,1
sh108ch_9,sh108ce_9,1,1,1,1,1
sh108cx_9,sh108ce_9,1,1,1,1,1
sh108ch_9,sh108cf_9,1,1,1,1,1
sh108cx_9,sh108cf_9,1,1,1,1,1
sh108cx_9,sh108ch_9,1,1,1,1,1
sh111u_9,sh111t_9,1,0.9999999999999998,0.9999999999999998,1,0
sh137ba_9,sh137a_9,1,0.9307817636936544,0.9307817636936544,1,0
sh137bb_9,sh137a_9,1,0.9307817636936544,0.9307817636936544,1,0
sh137bc_9,sh137a_9,1,0.9307817636936544,0.9307817636936544,1,0
sh137bd_9,sh137a_9,1,0.9307817636936544,0.9307817636936544,1,0
sh137bx_9,sh137a_9,1,0.9307817636936544,0.9307817636936544,1,0
sh137bb_9,sh137ba_9,1,1,1,1,1
sh137bc_9,sh137ba_9,1,1,1,1,1
sh137bd_9,sh137ba_9,1,1,1,1,1
sh137bx_9,sh137ba_9,1,1,1,1,1
sh137bc_9,sh137bb_9,1,1,1,1,1
sh137bd_9,sh137bb_9,1,1,1,1,1
sh137bx_9,sh137bb_9,1,1,1,1,1
sh137bd_9,sh137bc_9,1,1,1,1,1
sh137bx_9,sh137bc_9,1,1,1,1,1
sh137bx_9,sh137bd_9,1,1,1,1,1
shlocal_0,hv023_9,1,0.9603532345241685,0.9603532345241685,1,1
shlangq_4,hv024_10,1,0.9913307881530823,0.9913307881530823,1,1
v007,hv007,1,0.9940902438697055,0.9940902438697055,1,0
v012,hv105,1,0.9988420938364299,0.9988420938364299,1,0
v012,hml16,1,0.9999887587340046,0.9999887587340046,1,1
hiv05,v005,1,0.9605098387489556,0.9605098387489556,1,0
v011,v010,1,0.9995990854020476,0.9995990854020476,1,0
hv026_0,hv023_9,1,1,1,1,1
v026_0,hv023_9,1,1,1,1,1
hv026_1,hv023_10,1,1,1,1,1
v026_1,hv023_10,1,1,1,1,1
v026_0,hv024_9,1,1,1,1,1
hv026_1,hv024_10,1,1,1,1,1
v026_1,hv024_10,1,1,1,1,1
v026_3,hv025_2,1,1,1,1,1
v026_0,hv026_0,1,1,1,1,1
v026_1,hv026_1,1,1,1,1,1
v026_2,hv026_2,1,1,1,1,1
v026_3,hv026_3,1,1,1,1,1
hv202_71,hv201_71,1,1,1,1,0
shlangin_1,shlangq_1,1,0.9219359541996769,0.9219359541996769,1,0
shlangin_2,shlangq_2,1,0.9298698977703755,0.9298698977703755,1,0
slangint_1,shlangin_1,1,0.9341069930210517,0.9341069930210517,1,1
slangint_2,shlangin_2,1,0.915405286931544,0.915405286931544,1,1
v149_0,v106_0,1,1,1,1,0
v149_3,v106_2,1,0.9671501318001909,0.9671501318001909,1,0
v149_5,v106_3,1,1,1,1,0
v312_4,v307_04_1,1,1,1,1,0
v313_0,v312_0,1,1,1,1,0
v313_2,v312_9,1,0.9225265933946688,0.9225265933946688,1,0
v313_1,v312_10,1,1,1,1,0
v502_1,v501_1,1,0.9607407143758727,0.9607407143758727,1,0
shetime,shbtime,1,0.9396251819959908,0.9396251819959908,1,0
hv024_10,hv023_1,1,1,1,1,1
hv024_9,hv023_10,1,1,1,1,1
hv024_2,hv023_12,1,0.9505340117225914,0.9505340117225914,1,1
hv024_3,hv023_13,1,0.9366356566481434,0.9366356566481434,1,1
hv024_5,hv023_15,1,0.92735704531771,0.92735704531771,1,1
hv024_6,hv023_16,1,0.9403409685778381,0.9403409685778381,1,1
hv024_8,hv023_18,1,0.9441166880968678,0.9441166880968678,1,1
sh105_0,hv237_0,1,1,1,1,0
hv237z_1,hv237_8,1,1,1,1,0
hv237z_1,hv237a_8,1,1,1,1,0
hv237z_1,hv237b_8,1,1,1,1,0
hv237z_1,hv237c_8,1,1,1,1,0
hv237z_1,hv237d_8,1,1,1,1,0
hv237z_1,hv237e_8,1,1,1,1,0
hv237z_1,hv237f_8,1,1,1,1,0
hv237z_1,hv237x_8,1,1,1,1,0
sh105_8,hv237z_1,1,1,1,1,1
sh16_2,hv106_0,1,0.9934477564162729,0.9934477564162729,1,0
sh16_2,hv109_0,1,0.9934477564162729,0.9934477564162729,1,1
sh16_01_2,hv106_01_0,1,0.9983110469532512,0.9983110469532512,1,0
sh16_01_2,hv109_01_0,1,0.9983110469532512,0.9983110469532512,1,1
v004,v001,1,1,1,1,0
v021,v001,1,1,1,1,0
v004,hv004,1,1,1,1,1
v021,hv004,1,1,1,1,1
hv008a,hv006,1,0.988284818608189,0.988284818608189,1,0
v008,hv006,1,0.9711681506918133,0.9711681506918133,1,0
v008a,hv006,1,0.9627176930158022,0.9627176930158022,1,0
v006,hv008,1,0.9711681506918136,0.9711681506918136,1,1
v008a,hv008,1,0.9627176930158022,0.9627176930158022,1,1
v006,hv008a,1,0.9599130137382018,0.9599130137382018,1,1
v008,hv008a,1,0.9599130137382018,0.9599130137382018,1,1
v008a,hv008a,1,0.9735577666114301,0.9735577666114301,1,1
hiv02,hv008a,1,0.9632142642833805,0.9632142642833805,1,1
v016,hv016,1,0.9447930495503134,0.9447930495503134,1,0
v028,hv018,1,0.9482687013225174,0.9482687013225174,1,0
v030,hv018,1,0.9562126392879141,0.9562126392879141,1,0
v004,hv021,1,1,1,1,1
v021,hv021,1,1,1,1,1
v028,hv030,1,0.9596561868505954,0.9596561868505954,1,1
v030,hv030,1,0.9999936256959985,0.9999936256959985,1,1
v152,hv220,1,0.9999988035997949,0.9999988035997949,1,0
v191,hv271,1,1,1,1,0
hivage,hv105,1,0.9943506988051667,0.9943506988051667,1,0
hivage,hml16,1,1,1,1,1
v021,v004,1,1,1,1,1
hivclust,v004,1,1,1,1,1
v008,v006,1,1,1,1,1
v008a,v006,1,0.988359367933175,0.988359367933175,1,1
hiv02,v006,1,0.9709889642678189,0.9709889642678189,1,1
v008a,v008,1,0.988359367933175,0.988359367933175,1,1
hiv02,v008a,1,0.9833263587080711,0.9833263587080711,1,1
hivclust,v021,1,1,1,1,1
v030,v028,1,0.9596571445696707,0.9596571445696707,1,1
hv105_01,v152,1,0.9999988035997949,0.9999988035997949,1,1
hml16_01,v152,1,0.9971887690787496,0.9971887690787496,1,1
v628,v627,1,0.9904701133260725,0.9904701133260725,1,0
v629,v627,1,0.9695704443199272,0.9695704443199272,1,0
v629,v628,1,0.9711689256169354,0.9711689256169354,1,1
v802,v801,1,0.9457365283361272,0.9457365283361272,1,0
hv024_10,hv022_19,1,0.9999999999999999,0.9999999999999999,1,0
v024_10,hv022_19,1,0.9999999999999999,0.9999999999999999,1,0
hv024_10,hv023_19,1,0.9999999999999999,0.9999999999999999,1,1
v024_10,hv023_19,1,0.9999999999999999,0.9999999999999999,1,1
v024_1,hv024_1,1,0.9999999999999999,0.9999999999999999,1,1
v024_2,hv024_2,1,1,1,1,1
v024_3,hv024_3,1,0.9999999999999998,0.9999999999999998,1,1
v024_4,hv024_4,1,1,1,1,1
v024_5,hv024_5,1,1,1,1,1
v024_6,hv024_6,1,0.9999999999999998,0.9999999999999998,1,1
v024_7,hv024_7,1,1,1,1,1
v024_9,hv024_9,1,1,1,1,1
v024_10,hv024_10,1,0.9999999999999999,0.9999999999999999,1,1
v025_1,hv025_1,1,0.9999999999999999,0.9999999999999999,1,0
v025_2,hv025_2,1,0.9999999999999999,0.9999999999999999,1,1
hv045b_1,hv045a_1,1,0.9874747861073742,0.9874747861073742,1,0
v190_1,hv270_1,1,1,1,1,0
v190_2,hv270_2,1,1,1,1,0
v190_3,hv270_3,1,1,1,1,0
v190_4,hv270_4,1,0.9999999999999999,0.9999999999999999,1,0
v190_5,hv270_5,1,1,1,1,0
s121g_0,sh121g_0,1,0.9346384087288082,0.9346384087288082,1,0
s121g_1,sh121g_1,1,0.9700250615632863,0.9700250615632863,1,0
s121h_0,sh121h_0,1,0.9562973453221331,0.9562973453221331,1,0
s121h_1,sh121h_1,1,0.9603282376324199,0.9603282376324199,1,0
s121i_0,sh121i_0,1,0.949969928187948,0.949969928187948,1,0
s121i_1,sh121i_1,1,0.9647733839539782,0.9647733839539782,1,0
s121j_0,sh121j_0,1,0.978106595335892,0.978106595335892,1,0
s121k_0,sh121k_0,1,0.9820935951174753,0.9820935951174753,1,0
s121l_0,sh121l_0,1,0.9521089235809332,0.9521089235809332,1,0
s121l_1,sh121l_1,1,0.9622948652743436,0.9622948652743436,1,0
s121m_0,sh121m_0,1,0.9695750562755355,0.9695750562755355,1,0
s121m_1,sh121m_1,1,0.9431197262165709,0.9431197262165709,1,0
s121n_0,sh121n_0,1,0.9370420957852519,0.9370420957852519,1,0
s121n_1,sh121n_1,1,0.9694446807518201,0.9694446807518201,1,0
s121o_1,sh121o_1,1,0.9803717361988107,0.9803717361988107,1,0
s121p_1,sh121p_1,1,0.973179803520106,0.973179803520106,1,0
s121q_0,sh121q_0,1,0.9478562940021076,0.9478562940021076,1,0
s121q_1,sh121q_1,1,0.9659265055716393,0.9659265055716393,1,0
s121r_0,sh121r_0,1,0.9775604888072674,0.9775604888072674,1,0
v135_2,hv102_0,1,1,1,1,0
s121g_7,hv102_0,1,1,1,1,0
s121h_7,hv102_0,1,1,1,1,0
s121i_7,hv102_0,1,1,1,1,0
s121j_7,hv102_0,1,1,1,1,0
s121k_7,hv102_0,1,1,1,1,0
s121l_7,hv102_0,1,1,1,1,0
s121m_7,hv102_0,1,1,1,1,0
s121n_7,hv102_0,1,1,1,1,0
s121o_7,hv102_0,1,1,1,1,0
s121p_7,hv102_0,1,1,1,1,0
s121q_7,hv102_0,1,1,1,1,0
s121r_7,hv102_0,1,1,1,1,0
v135_1,hv102_1,1,1,1,1,0
hivsex_1,hv104_1,1,1,1,1,0
hivsex_2,hv104_2,1,1,1,1,0
v149_5,hv106_3,1,0.9125880454933143,0.9125880454933143,1,0
v149_3,hv109_3,1,0.9287395813113007,0.9287395813113007,1,1
v149_5,hv109_5,1,0.9125880454933143,0.9125880454933143,1,1
hivsex_1,hv117_0,1,1,1,1,1
hivsex_2,hv117_1,1,1,1,1,1
hivsex_2,hv118_0,1,1,1,1,1
hivsex_1,hv118_1,1,1,1,1,1
v014_4,hml17_4,1,0.9999999999999999,0.9999999999999999,1,0
s121g_7,v135_2,1,1,1,1,1
s121h_7,v135_2,1,1,1,1,1
s121i_7,v135_2,1,1,1,1,1
s121j_7,v135_2,1,1,1,1,1
s121k_7,v135_2,1,1,1,1,1
s121l_7,v135_2,1,1,1,1,1
s121m_7,v135_2,1,1,1,1,1
s121n_7,v135_2,1,1,1,1,1
s121o_7,v135_2,1,1,1,1,1
s121p_7,v135_2,1,1,1,1,1
s121q_7,v135_2,1,1,1,1,1
s121r_7,v135_2,1,1,1,1,1
v171b_0,v171a_0,1,0.9035126516977183,0.9035126516977183,1,0
s121h_7,s121g_7,1,1,1,1,1
s121i_7,s121g_7,1,1,1,1,1
s121j_7,s121g_7,1,1,1,1,1
s121k_7,s121g_7,1,1,1,1,1
s121l_7,s121g_7,1,1,1,1,1
s121m_7,s121g_7,1,1,1,1,1
s121n_7,s121g_7,1,1,1,1,1
s121o_7,s121g_7,1,1,1,1,1
s121p_7,s121g_7,1,1,1,1,1
s121q_7,s121g_7,1,1,1,1,1
s121r_7,s121g_7,1,1,1,1,1
s121i_7,s121h_7,1,1,1,1,1
s121j_7,s121h_7,1,1,1,1,1
s121k_7,s121h_7,1,1,1,1,1
s121l_7,s121h_7,1,1,1,1,1
s121m_7,s121h_7,1,1,1,1,1
s121n_7,s121h_7,1,1,1,1,1
s121o_7,s121h_7,1,1,1,1,1
s121p_7,s121h_7,1,1,1,1,1
s121q_7,s121h_7,1,1,1,1,1
s121r_7,s121h_7,1,1,1,1,1
s121j_7,s121i_7,1,1,1,1,1
s121k_7,s121i_7,1,1,1,1,1
s121l_7,s121i_7,1,1,1,1,1
s121m_7,s121i_7,1,1,1,1,1
s121n_7,s121i_7,1,1,1,1,1
s121o_7,s121i_7,1,1,1,1,1
s121p_7,s121i_7,1,1,1,1,1
s121q_7,s121i_7,1,1,1,1,1
s121r_7,s121i_7,1,1,1,1,1
s121k_7,s121j_7,1,1,1,1,1
s121l_7,s121j_7,1,1,1,1,1
s121m_7,s121j_7,1,1,1,1,1
s121n_7,s121j_7,1,1,1,1,1
s121o_7,s121j_7,1,1,1,1,1
s121p_7,s121j_7,1,1,1,1,1
s121q_7,s121j_7,1,1,1,1,1
s121r_7,s121j_7,1,1,1,1,1
s121l_7,s121k_7,1,1,1,1,1
s121m_7,s121k_7,1,1,1,1,1
s121n_7,s121k_7,1,1,1,1,1
s121o_7,s121k_7,1,1,1,1,1
s121p_7,s121k_7,1,1,1,1,1
s121q_7,s121k_7,1,1,1,1,1
s121r_7,s121k_7,1,1,1,1,1
s121m_7,s121l_7,1,1,1,1,1
s121n_7,s121l_7,1,1,1,1,1
s121o_7,s121l_7,1,1,1,1,1
s121p_7,s121l_7,1,1,1,1,1
s121q_7,s121l_7,1,1,1,1,1
s121r_7,s121l_7,1,1,1,1,1
s121n_7,s121m_7,1,1,1,1,1
s121o_7,s121m_7,1,1,1,1,1
s121p_7,s121m_7,1,1,1,1,1
s121q_7,s121m_7,1,1,1,1,1
s121r_7,s121m_7,1,1,1,1,1
s121o_7,s121n_7,1,1,1,1,1
s121p_7,s121n_7,1,1,1,1,1
s121q_7,s121n_7,1,1,1,1,1
s121r_7,s121n_7,1,1,1,1,1
s121p_7,s121o_7,1,1,1,1,1
s121q_7,s121o_7,1,1,1,1,1
s121r_7,s121o_7,1,1,1,1,1
s121q_7,s121p_7,1,1,1,1,1
s121r_7,s121p_7,1,1,1,1,1
s121r_7,s121q_7,1,1,1,1,1
hivsex_2,_append_0,1,1,1,1,1
hivsex_1,_append_1,1,1,1,1,1
hv008a,hv008,2,0.9840303613941985,0.9882848186081892,1,1
hv807a,hv807c,2,0.9753635833289247,0.9796031877051857,1,1
hv125_01_1,hv128_01,2,0.9609844407001474,0.9769994133656726,1,1
hv024_2,hv023_4,2,0.9676655398856759,0.9999999999999998,1,1
hv024_6,hv023_12,2,0.9663993280991181,1,1,1
hv253z_0,hv253x_0,2,0.9311333175273895,0.947472821350291,1,1
sh110j_9,sh110g_9,2,0.9427660190364102,0.9427789578525266,1,1
sh110k_9,sh110h_9,2,1,1,1,1
hv253a_9,hv253_9,2,0.9602462626600408,0.9812631172845838,1,0
hv253b_9,hv253_9,2,0.9602462626600408,0.9812631172845838,1,0
hv253c_9,hv253_9,2,0.9602462626600408,0.9812631172845838,1,0
hv253x_9,hv253_9,2,0.9602462626600408,0.9812631172845838,1,0
hv253z_9,hv253_9,2,0.9602462626600408,0.9812631172845838,1,0
sh110k_9,sh110j_9,2,0.971376540110147,1,1,1
hv024_12,hv023_12,2,1,1,1,1
hv227_9,hv206_9,2,1,1,1,1
sh28d_9,hv212_9,2,0.9508811366524366,0.9890238202598147,1,1
sh03_7,hv101_7,2,1,1,1,0
sh03_01_1,hv101_01_1,2,1,1,1,0
sh03_01_2,hv101_01_2,2,1,1,1,1
hml17_01_1,hv117_01_1,2,0.9450447163499911,0.9640528476152228,1,1
hv026_0,hv024_11,2,0.9999999999999999,0.9999999999999999,1,1
sh14_01_9,hv106_01_9,2,0.9161640144571266,0.9322781328389403,1,0
sh14_01_9,hv109_01_9,2,0.9161640144571266,0.9322781328389403,1,1
shlangq_3,hv024_1,2,0.9653424177384635,0.9914304476294852,1,1
shlangi_3,hv024_1,2,0.9497957573204527,0.9577192156492723,1,1
shlangr_3,hv024_1,2,0.9246667274255982,0.9400630076995533,1,1
hv221_9,hv207_9,2,1,1,1,1
shlangr_3,shlangq_3,2,0.909068197169965,0.9168374554095802,1,1
hv023_1,hv022_1,2,0.9999999999999998,0.9999999999999998,1,0
hv023_3,hv022_3,2,1,1,1,0
hv023_4,hv022_4,2,0.9999999999999998,0.9999999999999999,1,0
hv023_5,hv022_5,2,1,1,1,0
hv023_6,hv022_6,2,1,1,1,0
hv023_7,hv022_7,2,1,1,1,0
hv023_9,hv022_9,2,1,1,1,0
hv023_10,hv022_10,2,0.9999999999999999,0.9999999999999999,1,0
hv023_11,hv022_11,2,0.9999999999999998,0.9999999999999999,1,0
hv023_12,hv022_12,2,0.9999999999999999,1,1,0
hv024_6,hv022_12,2,0.9256579267548013,0.9327986561982362,1,0
hv023_13,hv022_13,2,1,1,1,0
hv023_14,hv022_14,2,0.9999999999999999,1,1,0
hv023_15,hv022_15,2,1,1,1,0
hv023_16,hv022_16,2,0.9999999999999999,1,1,0
hv023_17,hv022_17,2,0.9999999999999999,1,1,0
hv023_18,hv022_18,2,0.9999999999999998,0.9999999999999999,1,0
hv023_19,hv022_19,2,1,1,1,0
hv024_4,hv023_8,2,0.9146565127710384,0.9203316060776449,1,0
hv253x_0,hv253c_0,2,0.9306092324827937,0.931084332570796,1,0
sh17a_0,hv106_0,2,0.9604429956418029,0.9727656075861442,1,0
sh17a_1,hv106_1,2,1,1,1,0
sh17a_0,hv109_0,2,0.9604429956418029,0.9727656075861442,1,1
sh19a_0,hv121_0,2,0.9580804356121042,0.9889702749753618,1,1
sh17a_01_0,hv106_01_0,2,0.9666690351892429,0.9837693150745924,1,0
sh17a_01_1,hv106_01_1,2,1,1,1,0
sh17a_01_0,hv109_01_0,2,0.9666690351892429,0.9837693150745924,1,1
sh19a_01_1,hv122_01_1,2,0.9999999999999999,0.9999999999999999,1,0
sh28d_9,hv211_9,2,0.9509240055208692,0.9890238202598147,1,1
hv121_01_0,hv110_01_0,2,0.9576016572181361,0.976853769802124,1,0
hv121_01_9,hv110_01_9,2,0.9740174545377045,0.9779421356017387,1,1
hv126_01_9,hv110_01_9,2,0.9386601195810387,0.9700927734736702,1,1
hv026_0,hv024_2,2,1,1,1,1
hv126_2,hv122_2,2,0.9131749221230058,0.9258478194253981,1,1
hv221_9,hv206_9,2,0.91927844181184315,0.9257472435772962,1,1
hv125_01_9,hv110_01_9,2,0.9425848006450729,0.9779421356017387,1,1
sh111h_9,hv209_9,2,0.9999999999999999,1,1,1
hv237a_0,hv237_0,2,0.9211639172734736,0.9362022953492922,1,0
hv237a_1,hv237_1,2,0.9211639172734736,0.9362022953492922,1,0
sh19a_0,hv106_0,2,0.9999999999999998,0.9999999999999999,1,0
sh19a_1,hv106_1,2,0.9978766614275428,0.9980296933337416,1,0
sh19a_3,hv106_2,2,1,1,1,0
sh19a_0,hv109_0,2,0.9999999999999998,0.9999999999999999,1,1
sh21a_0,hv121_0,2,1,1,1,1
sh19aa_0,sh19a_0,2,0.9922267760275175,0.9999999999999998,1,1
sh19a_01_0,hv106_01_0,2,1,1,1,0
sh19a_01_1,hv106_01_1,2,0.9957565984181733,0.9966028521077848,1,0
sh19a_01_3,hv106_01_2,2,1,1,1,0
sh19a_01_0,hv109_01_0,2,1,1,1,1
sh21a_01_0,hv121_01_0,2,1,1,1,1
sh19aa_01_0,sh19a_01_0,2,0.9832547023759746,1,1,1
hv102_01_9,hv102_9,2,1,1,1,1
hv045b_2,hv045a_2,2,0.9756296890198572,0.988909454989122,1,0
hv045b_3,hv045a_3,2,0.9694164604297179,0.9723899092180149,1,0
hv026_0,hv024_9,2,1,1,1,1
hv243d_9,hv210_9,2,0.9308590924105826,0.9573949658475501,1,1
hv117_01_0,hv104_01_1,2,0.9200200679142183,0.9366342223980598,1,1
hv117_01_1,hv104_01_2,2,0.9200200679142183,0.9366342223980598,1,1
hv026_0,hv024_8,2,1,1,1,1
sh118f_9,hv212_9,2,0.9628309942884169,0.9999999999999998,1,1
hv234a_6,hv234_994,2,1,1,1,0
hv234a_3,hv234_995,2,0.9999999999999999,1,1,0
hv024_9,hv023_9,2,1,1,1,1
hv024_10,hv023_10,2,0.9999999999999999,1,1,1
hv209_9,hv207_9,2,0.9999999999999999,1,1,1
hv226_99,hv207_9,2,0.9999999999999999,1,1,1
hv227_9,hv207_9,2,0.9999999999999999,1,1,1
hv243a_9,hv209_9,2,0.9999999999999999,1,1,1
hv227_9,hv211_9,2,0.9999999999999998,0.9999999999999998,1,1
hv227_9,hv212_9,2,0.9999999999999998,0.9999999999999998,1,1
hv227_9,hv226_99,2,0.9999999999999999,1,1,1
hv243c_9,hv227_9,2,0.9999999999999998,0.9999999999999998,1,1
sh110g_9,hv243a_9,2,0.9536968977904585,0.9999999999999998,1,1
sh121g_9,hv212_9,2,1,1,1,1
sh121g_9,hv243d_9,2,1,1,1,1
hv023,hv022,2,0.9830589094821025,1,1,0
hv207_9,hv206_9,2,0.9564048200231952,1,1,1
hv227_9,hv210_9,2,0.9999999999999999,1,1,1
hv244_9,hv210_9,2,0.9535323620054676,1,1,1
hv246_9,hv210_9,2,0.9955754954410829,1,1,1
hv244_9,hv227_9,2,0.9535323620054676,1,1,1
hv246_9,hv227_9,2,0.9955754954410829,1,1,1
hv101_01_6,hv218,2,1,1,1,0
v006,hv006,2,0.9817484059472306,0.9923286612026475,1,0
v008,hv008,2,0.9814450911953096,0.9917220316988057,1,1
hiv02,v008,2,0.9542533378158535,0.9709889642678189,1,1
v218,v201,2,0.9769401131328174,0.9801441741601876,1,0
v151_1,hv219_1,2,1,1,1,0
v151_2,hv219_2,2,1,1,1,0
_append_1,hv104_1,2,1,1,1,0
_append_0,hv104_2,2,1,1,1,0
_append_1,hv117_0,2,1,1,1,1
_append_0,hv117_1,2,1,1,1,1
_append_0,hv118_0,2,1,1,1,1
_append_1,hv118_1,2,1,1,1,1
v014_1,hml17_1,2,1,1,1,0
v014_3,hml17_3,2,0.9999999999999999,1,1,0
v014_6,hml17_6,2,1,1,1,0
hv104_01_1,v151_1,2,1,1,1,1
hv104_01_2,v151_2,2,1,1,1,1
v502_0,v501_0,2,1,1,1,0
v513_0,v501_0,2,1,1,1,0
v513_0,v502_0,2,1,1,1,1
hv802,hv801,3,0.9640864731748373,0.9714654838296548,1,0
hv253a_0,hv253_0,3,0.9444199252692852,0.972253623146284,1,0
hv253a_1,hv253_1,3,0.9314653967184359,0.9680000077472282,1,0
hv209_9,hv208_9,3,0.9900267005093724,1,1,1
sh03_6,hv101_6,3,0.9999999999999998,0.9999999999999999,1,0
hv026_2,hv025_2,3,0.9961505674903162,1,1,1
sh110g_9,hv209_9,3,0.9500575844778145,0.9999999999999998,1,1
hv237a_9,hv237_9,3,0.9900257565060842,1,1,1
hv237b_9,hv237_9,3,0.9900257565060842,1,1,1
hv237c_9,hv237_9,3,0.9900257565060842,1,1,1
hv237d_9,hv237_9,3,0.9900257565060842,1,1,1
hv237f_9,hv237_9,3,0.9900257565060842,1,1,1
hv237x_9,hv237_9,3,0.9900257565060842,1,1,1
hv237z_9,hv237_9,3,0.9900257565060842,1,1,1
hv122_9,hv110_9,3,0.940854499176124,0.9651584736159909,1,0
hv125_9,hv110_9,3,0.9206963723660753,0.943846560171653,1,0
hv126_9,hv110_9,3,0.917441761343569,0.943846560171653,1,0
hv116_2,hv115_4,3,0.9338689542649844,0.9708758968510957,1,0
sh14_01_0,hv106_01_0,3,0.99969854167087,1,1,0
sh14_01_0,hv109_01_0,3,0.99969854167087,1,1,1
hv208_9,hv207_9,3,1,1,1,1
shlangi_3,shlangq_3,3,0.9727542363491495,0.9965868604095944,1,1
hv023_2,hv022_2,3,0.9698652276244283,1,1,0
hv202_62,hv201_62,3,0.9966983240113632,0.9999999999999998,1,0
hv109_01_1,hv106_01_1,3,0.906557221759573,0.9136053104561755,1,0
hv110_01_9,hv128_01,3,0.9448581669499267,0.9680215578847666,1,1
hv121_01_1,hv110_01_1,3,1,1,1,0
hv243b_9,hv211_9,3,1,1,1,1
hv243c_9,hv243b_9,3,0.9597034191091073,1,1,1
hv243d_9,hv243b_9,3,0.9532888239157793,1,1,1
hv121_2,hv124,4,0.9594103007256518,0.9792692429965657,1,0
hv026_0,hv024_1,4,0.9805587130725694,1,1,1
hv221_9,hv208_9,4,0.9925200253820292,1,1,1
hv221_9,hv209_9,4,1,1,1,1
sh03_1,hv101_1,4,1,1,1,0
sh03_2,hv101_2,4,1,1,1,0
sh03_3,hv101_3,4,1,1,1,0
sh03_4,hv101_4,4,1,1,1,0
sh03_5,hv101_5,4,0.9999999999999999,0.9999999999999999,1,0
hv122_01_2,hv121_01_2,4,0.9343534719978313,0.9573726512475916,1,1
sh14_0,hv106_0,4,0.9996626624023167,1,1,0
sh14_0,hv109_0,4,0.9996626624023167,1,1,1
hv121_9,hv110_9,4,0.9547335718396683,0.9651584736159909,1,0
hiv02,hv006,4,0.9386398237680812,0.951725637691099,1,0
hv202_42,hv201_42,4,1,1,1,0
hv243c_9,hv210_9,4,0.9540926703286058,0.9999999999999998,1,1
hv237z_0,hv237e_0,4,0.9584571556030052,0.9999999999999999,1,1
hv125_9,hv122_9,4,0.9393942333772572,1,1,1
hv126_9,hv122_9,4,0.9413380074606205,1,1,1
hv024_1,hv023_1,4,1,1,1,1
hv024_3,hv023_3,4,1,1,1,1
hv024_4,hv023_4,4,1,1,1,1
hv024_5,hv023_5,4,0.9999999999999999,1,1,1
hv024_7,hv023_7,4,1,1,1,1
hv243b_9,hv212_9,4,0.9697775643318305,1,1,1
hml19_01_1,hml13_01,4,0.9440176903614592,0.9745277856341112,1,0
hv125_0,hv110_0,5,0.94499887891702,0.9705011502087978,1,0
hv126_0,hv110_0,5,0.9446216816621753,0.9686151639345745,1,0
hv125_1,hv121_1,5,0.9434664401032569,0.9746941694000617,1,1
hv243b_9,hv210_9,5,0.9925719016688426,1,1,1
hml16_01,hv220,5,0.9987356621202061,0.9999339057469403,1,0
hml16_01,hv105_01,5,0.998788322387623,0.9999925836779834,1,1
hv031,hv030,5,0.9774214145414588,0.99477028614394,1,1
hv202_21,hv201_21,5,0.9976956231538009,1,1,0
hv202_41,hv201_41,5,0.9999999999999999,1,1,0
hv202_43,hv201_43,5,0.9973297839904711,1,1,0
hv202_51,hv201_51,5,0.9999999999999999,1,1,0
hv202_61,hv201_61,5,0.9999999999999999,1,1,0
hv202_96,hv201_96,5,0.9971155247191335,1,1,0
hv128,hv124,5,0.919321476869695,0.9494502228126324,1,0
hv121_01_9,hv128_01,5,0.952529668177092,0.9908904868042435,1,1
hv125_9,hv121_9,5,0.9392755654422819,1,1,1
hv126_9,hv121_9,5,0.9380854342064744,1,1,1
hv126_01_3,hv122_01_3,5,0.9999999999999999,1,1,0
hv024_2,hv023_2,5,0.98890738727851,1,1,1
hv024_6,hv023_6,5,0.9948436415562748,1,1,1
hv125_01_9,hv124_01,5,0.9425267767683819,0.9737282635837632,1,0
hv125_01_9,hv121_01_9,5,0.9637904987185931,1,1,1
hv030,hv018,5,0.9605429348531944,0.9712343960480839,1,0
hv126_01_9,hv124_01,5,0.9341213069890597,0.9737282635837632,1,0
hv031,hv018,6,0.9510737489538286,0.9865458240517032,1,0
hv125_1,hv110_1,6,0.9392036766641884,0.9746941694000617,1,0
hv253c_9,hv253a_9,6,1,1,1,1
hv253x_9,hv253a_9,6,1,1,1,1
hv253c_9,hv253b_9,6,1,1,1,1
hv253x_9,hv253b_9,6,1,1,1,1
hv253x_9,hv253c_9,6,1,1,1,1
hv253z_9,hv253c_9,6,1,1,1,1
hv253z_9,hv253x_9,6,1,1,1,1
hv243d_9,hv243c_9,6,0.9965249342827988,1,1,1
hv116_01_9,hv115_01_9,6,1,1,1,0
hv008,hv006,6,1,1,1,0
hv105_01,hv220,6,0.9999561105276287,1,1,0
hv109_1,hv106_1,6,0.9236255874498372,0.9455863137907686,1,0
hv202_11,hv201_11,6,0.989589531005361,1,1,0
hv202_12,hv201_12,6,0.9983173506222486,1,1,0
hv202_13,hv201_13,6,0.9989414637983649,1,1,0
hv202_31,hv201_31,6,0.9912168943438214,1,1,0
hv202_32,hv201_32,6,0.9974523797428407,1,1,0
hv237e_9,hv237a_9,6,1,1,1,1
hv237e_9,hv237b_9,6,1,1,1,1
hv237e_9,hv237c_9,6,1,1,1,1
hv237e_9,hv237d_9,6,1,1,1,1
hv237f_9,hv237e_9,6,1,1,1,1
hv237x_9,hv237e_9,6,1,1,1,1
hv237z_9,hv237e_9,6,1,1,1,1
hv126_01_9,hv121_01_9,6,0.9653742363150113,1,1,1
hv125_01_9,hv122_01_9,6,0.97101373824841275,1,1,1
hv122_0,hv110_0,7,0.9776081362691836,0.9911326132181217,1,0
hv121_1,hv110_1,7,1,1,1,0
hv253b_9,hv253a_9,7,1,1,1,1
hv253z_9,hv253a_9,7,1,1,1,1
hv253z_9,hv253b_9,7,1,1,1,1
hv243d_9,hv211_9,7,0.9586015052270326,1,1,1
hv243c_9,hv212_9,7,0.9999999999999999,1,1,1
hv125_1,hv121_2,7,0.9318404889027478,0.9664896685919895,1,1
hv125_01_9,hv128_01,7,0.9847506314468704,0.9978723932541741,1,1
hv126_01_9,hv125_01_9,7,1,1,1,1
hv122_01_9,hv128_01,7,0.9635368052050598,0.9958289853895566,1,1
hv128_01,hv124_01,7,0.9484201318241222,0.9886766895246649,1,0
hv122_2,hv121_2,7,0.913288225346546,0.9267874239301969,1,1
hv121_0,hv110_0,8,0.9787595426902247,0.9911326132181217,1,0
hv243c_9,hv211_9,8,0.9654412148837483,1,1,1
hv243d_9,hv212_9,8,0.9973937007120991,1,1,1
hml20_01_0,hml12_01_0,8,0.9497075464917247,0.9832260696093763,1,0
hv211_9,hv210_9,8,0.9784723810221173,1,1,1
hv212_9,hv210_9,8,0.9550265036077795,1,1,1
hv121_01_2,hv124_01,9,0.9754377875021197,0.990562254536007,1,0
hv126_01_0,hv125_01_0,9,1,1,1,0
hml20_0,hml12_0,9,0.9529640820999387,0.9863300890049846,1,0
hv126_01_9,hv122_01_9,9,0.9728599210601135,1,1,1
hv125_0,hv121_0,10,0.9400509331518325,0.9748282313794772,1,1
hv126_0,hv121_0,10,0.9395155167350658,0.9729876001180112,1,1
hv125_0,hv122_0,10,0.9401512915033936,0.9748282313794772,1,1
hv126_0,hv122_0,10,0.9396158750866269,0.9729876001180112,1,1
hv101_01_2,hv218,10,0.9859142297781823,1,1,0
hv121_01_9,hv124_01,10,0.964664517926217,0.9989949249290568,1,0
hv237c_9,hv237a_9,10,1,1,1,1
hv237c_9,hv237b_9,10,1,1,1,1
hv237d_9,hv237c_9,10,1,1,1,1
hv237f_9,hv237c_9,10,1,1,1,1
hv237x_9,hv237c_9,10,1,1,1,1
hv237z_9,hv237c_9,10,1,1,1,1
hv116_01_1,hv115_01_1,10,0.9993666585211071,1,1,0
hml1a,hml1,10,0.9981448436694862,1,1,0
hv126_01_9,hv128_01,10,0.9862593822396868,0.9978723932541741,1,1
hv237b_9,hv237a_9,11,1,1,1,1
hv237d_9,hv237a_9,11,1,1,1,1
hv237f_9,hv237a_9,11,1,1,1,1
hv237x_9,hv237a_9,11,1,1,1,1
hv237z_9,hv237a_9,11,1,1,1,1
hv237d_9,hv237b_9,11,1,1,1,1
hv237f_9,hv237b_9,11,1,1,1,1
hv237x_9,hv237b_9,11,1,1,1,1
hv237z_9,hv237b_9,11,1,1,1,1
hv237f_9,hv237d_9,11,1,1,1,1
hv237x_9,hv237d_9,11,1,1,1,1
hv237z_9,hv237d_9,11,1,1,1,1
hv237x_9,hv237f_9,11,1,1,1,1
hv237z_9,hv237f_9,11,1,1,1,1
hv237z_9,hv237x_9,11,1,1,1,1
hv121_9,hv124,11,0.9339172594013905,0.9544170419487149,1,0
hv004,v001,11,1,1,1,0
hv021,v001,11,1,1,1,0
hivclust,v001,11,1,1,1,0
hivnumb,v002,11,0.9999999999999999,1,1,0
idxh4,v003,11,1,1,1,0
hivline,v003,11,1,1,1,0
hv021,hv004,11,1,1,1,1
hivclust,hv004,11,1,1,1,1
hv028,hv005,11,0.9998900296826456,1,1,0
hivclust,hv021,11,1,1,1,1
hivline,idxh4,11,1,1,1,1
hv104_01_1,hv219_1,11,0.9956871540147361,1,1,0
hv104_01_2,hv219_2,11,0.9956871540147361,1,1,0
hml20_0,hml19_0,12,0.9562477876779657,1,1,1
hml20_1,hml19_1,12,0.9562477876779657,1,1,1
hml20_01_0,hml19_01_0,12,0.9584360636973833,1,1,1
hml20_01_1,hml19_01_1,12,0.9584360636973833,1,1,1
hv109_01_3,hv106_01_2,12,0.9471513543878688,0.9875766769823079,1,0
hv122_01_9,hv121_01_9,12,1,1,1,1
hv116_01_0,hv115_01_0,12,1,1,1,0
hml16,hv105,12,0.9921633878279494,0.9998721038666483,1,0
hv041,hv010,13,0.9760595311910479,0.9873217738202001,1,0
hiv02,hv008,13,0.9361969808920512,0.9545303726016227,1,1
hv122_9,hv124,14,0.9398541311911783,0.9772885128779162,1,0
hv125_9,hv128,14,0.9444372341466636,0.9832658284422127,1,1
hv122_01_9,hv124_01,14,0.9720056280944496,0.9989949249290568,1,0
hiv05,hv005,14,0.9582729681281941,0.9956515835016333,1,0
hv126_9,hv128,15,0.9486792016378285,0.9832658284422127,1,1
hml20_1,hml12_1,16,0.9752705630474906,1,1,1
hml20_01_1,hml12_01_1,16,0.973240890593748,1,1,1
hv212_9,hv211_9,16,0.9768651639701807,1,1,1
hv126_9,hv125_9,16,0.9927473430821824,1,1,1
hv116_9,hv115_9,16,1,1,1,0
hv126_0,hv125_0,18,0.9995511439451168,1,1,1
hv122_01_0,hv121_01_0,19,0.9997295017298573,1,1,1
hv109_3,hv106_2,19,0.9580385315287278,0.9909962099902192,1,0
hml19_01_0,hml12_01_0,19,0.9682537406575589,0.9993382097150133,1,0
hml19_01_1,hml12_01_1,20,0.9649290504415833,1,1,1
hml19_1,hml12_1,21,0.9622268947076971,1,1,1
hv109_01_9,hv106_01_9,21,0.9999999999999999,1,1,0
hv122_9,hv121_9,22,0.9829585810158911,1,1,1
hv116_1,hv115_1,23,0.997159052179281,1,1,0
hml19_0,hml12_0,23,0.9611334898257078,0.998781226577195,1,0
hv026_3,hv025_2,23,0.9920980080672066,1,1,1
hv116_0,hv115_0,24,1,1,1,0
hv109_9,hv106_9,26,1,1,1,0
hv122_0,hv121_0,29,0.9998773774306119,1,1,1
hv109_01_0,hv106_01_0,30,1,1,1,0
hv109_01_5,hv106_01_3,30,0.9999999999999999,1,1,0
hv012,hv009,33,0.9761380372752859,0.9981046567408512,1,0
hv013,hv009,33,0.9798936216940363,0.9951271689979257,1,0
hiv05,hv028,35,0.9513599050558453,0.9957334420078058,1,1
hv035,hv014,35,0.924027696554339,0.9518933753138468,1,0
hv109_0,hv106_0,36,1,1,1,0
hv109_5,hv106_3,36,1,1,1,0
hv117_0,hv104_1,47,0.9847638397914947,1,1,0
hv118_1,hv104_1,47,0.9770369907968771,1,1,0
hv117_1,hv104_2,47,0.9847638397914947,1,1,0
hv118_0,hv104_2,47,0.9770369907968771,1,1,0
hv118_1,hv117_0,49,0.9633500377071321,1,1,1
hv118_0,hv117_1,49,0.9633500377071321,1,1,1
hv013,hv012,53,0.9673376993734174,0.993397589636551,1,1
