var	concordance	Estimate.x	SE.x	P.Val.x	Nag.R2.x	FDR.x	varOrig.x	varlabel.x
hb62_299993	1	-15.9086256007772	1.01366827250588	3.1815e-33	0.0234237455042131	1.83144119669876e-32	hb62	
hv246h	1	-9.5701021149631	0.996417573081503	1.9663e-20	3.01237609858229e-4	9.95038149939541e-20	hv246h	owns rabbits
ha1	1	0.0573104059967376	0.01369570488221	3.2781193702071e-5	0.00835551365962184	1.5519151090856e-4	ha1	woman's age in years
ha32	1	-0.00470881302256389	0.00114275264016981	4.30226785694757e-5	0.00812984408434203	2.0344622577769e-4	ha32	date of birth (cmc)
hml16	1	0.057372696068503	0.0136993724784673	3.2303960393091e-5	0.00837140112157364	1.53452978711789e-4	hml16	corrected age from individual file
v012	1	0.0573351673436153	0.0136949844249682	3.2497918854391e-5	0.00836244013878029	1.54199308849916e-4	v012	respondent's current age
b2_01	1	-0.0969958719589309	0.0251283763067456	1.25638553540582e-4	0.0065492522249686	5.82923887546935e-4	b2	NA
b2_02	1	-0.0818016918973459	0.0278081104012676	0.0033923760609178002	0.00636445719233614	0.0143404988029707	b2	NA
b2_03	1	-0.0752334845566193	0.0240007834267452	0.00181104420350817	0.00624081896541162	0.00790325338027288	b2	NA
b3_01	1	-0.00814388771646761	0.0020626794674756	8.80447154624208e-5	0.00667239988207236	4.1077718418086e-4	b3	NA
b3_02	1	-0.0069868152260683	0.00223421240087675	0.00185145611332138	0.00671138971750018	0.00805441147011432	b3	NA
b3_03	1	-0.00620842849386655	0.00198896199890953	0.00189265702594454	0.00613199853510649	0.00820805145448487	b3	NA
b8_01	1	0.0908676537672622	0.027659679340371002	0.00107847736220484	0.00502373721236216	0.00477611403262143	b8	NA
b8_02	1	0.0883117264259728	0.0280113976299658	0.00170019617790367	0.00743483121139921	0.00742726618426603	b8	NA
b8_03	1	0.0759365399925056	0.0280120324144453	0.00691952361154968	0.00565298596667352	0.0284182593860014	b8	NA
b18_01	1	-2.67709082093084e-4	6.76496559025567e-5	8.48475749216135e-5	0.00668436086291047	3.96745364298271e-4	b18	NA
b18_02	1	-2.29556733417136e-4	7.34688952347272e-5	0.00186794235715799	0.00671151483578625	0.00810927257749604	b18	NA
b18_03	1	-2.03816338176078e-4	6.5344548162421e-5	0.00190748470801876	0.00612080315114094	0.00826379244623034	b18	NA
b19_01	1	0.00814338940024385	0.00202317473467357	6.42300992822374e-5	0.00668252776212075	3.0304731172059e-4	b19	NA
b19_02	1	0.00694125140156968	0.00222010521543428	0.00185549999694763	0.00661693332322366	0.00806362148206213	b19	NA
b19_03	1	0.00610927615628798	0.00198020915211431	0.00213498860037953	0.00592864198700938	0.00921126525009106	b19	NA
v222	1	0.00814338940024385	0.00202317473467357	6.42300992822374e-5	0.00668252776212075	3.0304731172059e-4	v222	last birth to interview (months)
v447a	1	0.0573104059967376	0.01369570488221	3.2781193702071e-5	0.00835551365962184	1.5519151090856e-4	v447a	women's age in years (from household questionnaire)
v511	1	0.0859586856910799	0.0288972704478737	0.00305337384266014	0.00945195666159071	0.0129466763237413	v511	age at first cohabitation
v834a	1	0.023822481897258	0.0059367091948643	6.76089372164933e-5	0.00248318428576555	3.18271543589454e-4	v834a	age of most recent partner
mm3_05	1	0.0519583035925242	0.0131079547072514	8.5009907008404e-5	0.00943194875371001	3.9706078217653e-4	mm3	NA
mm4_05	1	-0.00267815565655642	8.77706448354233e-4	0.00239214346403204	0.00387247142505287	0.010257295488703	mm4	NA
ha1_2	1	0.11453607462258	0.0309120015134128	2.38107647017729e-4	0.0140079154582576	0.0010878608108834	ha1	woman's age in years
ha32_2	1	-0.00960466369773188	0.00259807010310425	2.45860738735214e-4	0.0141878037664181	0.00112205800611436	ha32	date of birth (cmc)
hb0_1	1	0.213446327292112	0.0735540226374621	0.00384993017346337	0.00360193988688506	0.0161877428391909	hb0	index to household schedule
hb35_3	1	-1.30563162747281	0.109672216219254	2.317e-22	2.56941579000025e-4	1.21056741573034e-21	hb35	smoking (cigarettes in last 24 hours)
hv024_13	1	1.05450487570474	0.319404678010395	0.00101804415397399	9.7768786013952e-4	0.00452764589200972	hv024	region
hv045b_4	1	-10.824332137904	0.536247056194085	9.2345e-70	3.51309404694744e-5	8.68458033707865e-69	hv045b	language of interview
hv045b_11	1	-12.9913739240728	0.550869735502535	7.396e-88	2.47546586693459e-4	1.03519264214047e-86	hv045b	language of interview
hv205_13	1	-12.0082786475384	0.352034972371951	2.0761e-143	2.33513277172248e-4	8.35430625e-142	hv205	type of toilet facility
hv205_19	1	-10.9560756206801	0.531880933722599	6.0913e-72	6.3083440354883e-5	5.94221223776224e-71	hv205	type of toilet facility
hv205_29	1	-11.402405751655	0.793400108359831	1.5352e-40	1.26529287175048e-4	9.66137142857143e-40	hv205	type of toilet facility
hv205_42	1	-12.092043084788	0.47499424679075	6.5095000000000006e-98	1.70099208566699e-4	1.07252982283465e-96	hv205	type of toilet facility
hv205_96	1	-11.9698211030932	0.33115700244165	1.1315e-153	2.20149805940095e-4	5.919159375e-152	hv205	type of toilet facility
hv213_34	1	-11.9895789384495	0.732259880932598	3.3462e-50	9.93015820620613e-5	2.36951725888325e-49	hv213	main floor material
hv214_11	1	-12.9062658474051	0.301846955004826	1.5079e-185	2.53561742229014e-4	1.8560475e-183	hv214	main wall material
hv214_22	1	-10.9131282610461	0.471473407394996	1.6179e-85	6.9805048479088e-5	2.16323051118211e-84	hv214	main wall material
hv214_24	1	-11.9674206514012	0.577090693620784	1.1244e-72	8.54404051250368e-5	1.10981462264151e-71	hv214	main wall material
hv214_96	1	-11.2560267069939	0.885629715761887	5.4177e-33	8.70404852690854e-5	3.11016111111111e-32	hv214	main wall material
hv215_21	1	-11.9596797713921	0.390769980230181	2.7912e-125	1.46005686240902e-4	8.111925e-124	hv215	main roof material
hv215_32	1	-10.9118653022874	0.831286684582076	7.7167e-35	3.609218141154e-5	4.51038959497207e-34	hv215	main roof material
hv215_36	1	-12.3517082336983	0.490300149750226	1.7215e-96	2.68042401767921e-4	2.72896875e-95	hv215	main roof material
hv215_96	1	-12.3532111152876	0.494672698009426	2.5978e-95	3.22129595348497e-4	4.02659e-94	hv215	main roof material
hv217_1	1	0.950936901068301	0.278419800936906	6.79059083865002e-4	0.00357509507992959	0.00304594026363884	hv217	relationship structure
hv237_8	1	-10.7567259238316	0.544968624642799	2.0614999999999998e-67	2.93087002237735e-5	1.83952611940298e-66	hv237	anything done to water to make safe to drink
hv237a_8	1	-10.7567259238316	0.544968624642799	2.0614999999999998e-67	2.93087002237735e-5	1.83952611940298e-66	hv237a	water usually treated by: boil
hv237b_8	1	-10.7567259238316	0.544968624642799	2.0614999999999998e-67	2.93087002237735e-5	1.83952611940298e-66	hv237b	water usually treated by: add bleach/chlorine
hv237d_0	1	11.9325819998611	0.43965629341905	6.295e-107	9.39142807512283e-5	1.30418688118812e-105	hv237d	water usually treated by: use water filter
hv237d_1	1	-11.0367635010291	0.57267586526366	5.6232e-65	6.45719858458627e-5	4.87227577639752e-64	hv237d	water usually treated by: use water filter
hv237d_8	1	-10.7567259238316	0.544968624642799	2.0614999999999998e-67	2.93087002237735e-5	1.83952611940298e-66	hv237d	water usually treated by: use water filter
hv237e_8	1	-10.7567259238316	0.544968624642799	2.0614999999999998e-67	2.93087002237735e-5	1.83952611940298e-66	hv237e	water usually treated by: solar disinfection
hv237f_0	1	12.2511314041447	0.451478426503471	6.7042e-107	2.74182601792461e-4	1.38212201970443e-105	hv237f	water usually treated by: let it stand and settle
hv237f_1	1	-12.3606240636397	0.49695274310505	8.9017e-95	2.44750022464268e-4	1.37467212177122e-93	hv237f	water usually treated by: let it stand and settle
hv237f_8	1	-10.7567259238316	0.544968624642799	2.0614999999999998e-67	2.93087002237735e-5	1.83952611940298e-66	hv237f	water usually treated by: let it stand and settle
hv237g_0	1	12.1730053088928	0.393659999496114	6.0906e-127	2.0468419194819e-4	1.888086e-125	hv237g	water usually treated by: other way to filter
hv237g_1	1	-12.2869883013293	0.443359995705863	5.5389e-110	1.75286710051625e-4	1.25979872282609e-108	hv237g	water usually treated by: other way to filter
hv237g_8	1	-10.7567259238316	0.544968624642799	2.0614999999999998e-67	2.93087002237735e-5	1.83952611940298e-66	hv237g	water usually treated by: other way to filter
hv237x_0	1	12.2376632838409	0.483847395492515	4.9876e-97	1.59209369046676e-4	7.99735862068966e-96	hv237x	water usually treated by: other
hv237x_1	1	-11.4466241044416	0.57331524926009	1.3206e-68	1.29833957987158e-4	1.20934595185996e-67	hv237x	water usually treated by: other
hv237x_8	1	-10.7567259238316	0.544968624642799	2.0614999999999998e-67	2.93087002237735e-5	1.83952611940298e-66	hv237x	water usually treated by: other
hv252_4	1	-12.228826299652	0.531728244477026	1.0114e-84	1.27824645519525e-4	1.31860093457944e-83	hv252	frequency household members smoke inside the house
hv253b_1	1	-12.1960439654688	0.479603921275463	9.1803e-98	1.8457020071605e-4	1.50076388671875e-96	hv253b	dwelling sprayed by: private company
hv101_1	1	0.957210552074393	0.274695715493159	5.2823167540661e-4	0.00536777040372516	0.00237704253932974	hv101	relationship to head
hv101_4	1	-13.2955888516351	0.296148014882035	2.3956e-195	7.3361635852176e-4	3.341862e-193	hv101	relationship to head
hv101_5	1	-14.2285084099144	0.275230165239709	6.6613e-225	0.00112567605346015	2.14442619230769e-222	hv101	relationship to head
hv101_11	1	-13.1569574232752	0.391945152883825	1.2261e-140	3.44930820507683e-4	4.66475318181818e-139	hv101	relationship to head
hv101_12	1	-12.4348258141257	0.458502006042142	8.0664e-107	3.5544654707087e-4	1.64672604878049e-105	hv101	relationship to head
hv106_8	1	-11.1722695085874	0.730131863074174	5.8204000000000006e-45	6.44787805778035e-5	3.82392056514914e-44	hv106	highest educational level attained
hv109_8	1	-11.1722695085874	0.730131863074174	5.8204000000000006e-45	6.44787805778035e-5	3.82392056514914e-44	hv109	educational attainment
hv111_0	1	-14.8467638763371	0.559581583475058	8.7304e-81	0.00123630575426581	1.05598677745665e-79	hv111	mother alive
hv111_1	1	14.8467638765584	0.559581591296594	8.7305e-81	0.0012363057542657	1.05598677745665e-79	hv111	mother alive
hv116_2	1	1.09392687625344	0.27869050587112	9.65312754939423e-5	0.005887896979485	4.49870142474553e-4	hv116	currently, formerly, never married
hv126_3	1	-13.476099498984	0.378459689228372	5.5792e-151	5.44594732429182e-4	2.6837875862069e-149	hv126	educational level during previous school year
hv140_8	1	-12.4093446139387	0.753644927494723	7.0007e-44	8.16205412469406e-5	4.52827349304482e-43	hv140	member has a birth certificate
sh16a_15	1	-13.5472759374606	0.409016771547031	2.1353e-134	9.88428181852408e-4	7.1489844e-133	sh16a	highest educational class attained
sh16a_16	1	-13.4526149824069	0.401681381259715	3.3718e-136	8.90797832940549e-4	1.15663795081967e-134	sh16a	highest educational class attained
sh16a_18	1	-12.5605385943078	0.478092393281235	5.9384e-100	3.12832411986652e-4	1.0269505785124e-98	sh16a	highest educational class attained
sh16a_19	1	-11.3238945891002	0.662121471762993	3.8945e-53	1.11887681890965e-4	2.91044330357143e-52	sh16a	highest educational class attained
sh16a_90	1	-10.906431164576	0.491990133439942	8.8313e-79	6.89671686885385e-5	9.8557308e-78	sh16a	highest educational class attained
sh16a_98	1	-11.1670405199238	0.697100933074561	7.0794e-48	9.02640264076604e-5	4.85693262295082e-47	sh16a	highest educational class attained
sh17a_1	1	-10.906431164576	0.491990133439942	8.8313e-79	6.89671686885385e-5	9.8557308e-78	sh17a	highest educational level attained
sh17a_7	1	-11.3395191998834	0.730895134366921	1.8116e-45	8.73637580819375e-5	1.20151283676704e-44	sh17a	highest educational level attained
sh17a_98	1	-11.2112315010511	0.734829698563496	2.9906e-44	8.50757378890732e-5	1.95557203125e-43	sh17a	highest educational level attained
sh20_1	1	-11.7153572669441	1.09553026831842	2.4848e-23	6.45121908900981e-5	1.31465082174463e-22	sh20	class attend/attended during present school year
sh20_2	1	-11.351146975195	0.750287545764559	2.7981e-40	6.42348994595032e-5	1.75300127245509e-39	sh20	class attend/attended during present school year
sh20_4	1	-14.4666957513855	0.507208491232664	5.7182e-94	8.18162526291855e-4	8.6081535971223e-93	sh20	class attend/attended during present school year
sh20_6	1	-15.8089670684765	0.476607417784179	6.156e-111	0.00410801747622935	1.43926592178771e-109	sh20	class attend/attended during present school year
sh20_13	1	-13.1856502002787	1.25913221152728	1.5045e-22	2.98684284450013e-4	7.870415625e-22	sh20	class attend/attended during present school year
sh20_15	1	-13.9448658816911	0.647099004197935	1.624e-66	5.60408688817793e-4	1.41888100208768e-65	sh20	class attend/attended during present school year
sh20_16	1	-13.4822052981186	1.07824806820827	5.456e-30	4.20789699956403e-4	3.03635106382979e-29	sh20	class attend/attended during present school year
sh20_17	1	-12.9419025741728	0.927724961083433	1.3736e-35	2.85852299501732e-4	8.11937288135593e-35	sh20	class attend/attended during present school year
sh20a_6	1	-12.9419025741728	0.927724961083433	1.3736e-35	2.85852299501732e-4	8.11937288135593e-35	sh20a	level attend/attended during present school year
sh23_3	1	-14.4282738268172	0.463560105557648	2.4791e-108	9.54723143295699e-4	5.34795541237113e-107	sh23	class attended last year
sh23_12	1	-14.8050374734528	0.594283392649841	5.098e-83	0.00135780381971995	6.52450458715596e-82	sh23	class attended last year
sh23_13	1	-12.2164657117566	0.651081321724515	1.2746e-56	6.89565956689675e-5	9.97046915887851e-56	sh23	class attended last year
sh23_14	1	-13.6778071193911	0.649211677054322	1.3752e-66	3.28640122181367e-4	1.20401924686192e-65	sh23	class attended last year
sh23_15	1	-14.1723461500165	0.860232952904269	8.5855e-47	5.0355396199131e-4	5.7952125e-46	sh23	class attended last year
sh23_16	1	-12.8161521829553	0.908455921445871	6.921e-37	2.22690265647474e-4	4.17956493506494e-36	sh23	class attended last year
sh23a_5	1	-14.9160840696176	0.651330529268633	1.8e-74	0.0010659848877933	1.84632352941176e-73	sh23a	level attended last year
sh23a_6	1	-11.9443299442367	1.07560741123621	4.0492e-25	9.2535992050391e-5	2.15596717557252e-24	sh23a	level attended last year
sh24_0	1	12.5152508089547	0.806133230989469	2.4583e-40	6.65702810452862e-5	1.54242661169415e-39	sh24	have any physical or mental disability
sh24_1	1	-12.5152508089581	0.806133233208628	2.4583e-40	6.65702810453972e-5	1.54242661169415e-39	sh24	have any physical or mental disability
hml17_2	1	-11.0290758754639	0.693643244359845	7.1808e-48	6.08417434467823e-5	4.9104e-47	hml17	flag for age from individual file
sh46a_8	1	-11.312877146551	1.05255352777521	1.2575e-22	9.03211001579418e-5	6.58653003754693e-22	sh46a	is exposed to dust, smoke or gas
sh46b_8	1	-12.2968928667147	0.781509048687841	6.3863e-40	1.66426341661641e-4	3.97127273402675e-39	sh46b	is exposed to extreme cold, heat or humidity
sh73_0	1	-1.62321234942384	0.530995661906468	0.00237975012167602	0.00676777872653445	0.0102146197530404	sh73	available to work
sh73_1	1	1.62321234942384	0.530995661906468	0.00237975012167607	0.00676777872653467	0.0102146197530404	sh73	available to work
v014_2	1	-11.0290758754639	0.693643244359845	7.1808e-48	6.08417434467823e-5	4.9104e-47	v014	completeness of age information
v022_2	1	-11.7967463270046	0.485179521386816	8.8706e-92	1.76473308714731e-4	1.29350038327526e-90	v022	sample strata for sampling errors
v022_4	1	-12.8482706407606	0.51783691805896	1.9015e-94	2.46111859677822e-4	2.89373727272727e-93	v022	sample strata for sampling errors
v022_8	1	-13.5216657418417	0.62668722547541	3.9685e-77	4.78511257343994e-4	4.29151744186047e-76	v022	sample strata for sampling errors
v022_25	1	1.3176299489417	0.343809788592995	1.40056726144032e-4	0.00112542837545559	6.45525769727725e-4	v022	sample strata for sampling errors
v023_2	1	-11.7967463270046	0.485179521386816	8.8706e-92	1.76473308714731e-4	1.29350038327526e-90	v023	stratification used in sample design
v023_4	1	-12.8482706407606	0.51783691805896	1.9015e-94	2.46111859677822e-4	2.89373727272727e-93	v023	stratification used in sample design
v023_8	1	-13.5216657418417	0.62668722547541	3.9685e-77	4.78511257343994e-4	4.29151744186047e-76	v023	stratification used in sample design
v023_25	1	1.3176299489417	0.343809788592995	1.40056726144032e-4	0.00112542837545559	6.45525769727725e-4	v023	stratification used in sample design
v024_13	1	1.05450487570474	0.319404678010395	0.00101804415397399	9.7768786013952e-4	0.00452764589200972	v024	region
v045b_4	1	-10.7701752456599	0.394849262164546	1.1826e-107	5.40765519024822e-5	2.52509234693878e-106	v045b	language of interview
v105a_14	1	-12.7568471963928	0.657639133731566	1.4027e-52	7.3342949531563e-4	1.02744676573427e-51	v105a	region of previous residence
v105a_16	1	-13.8250380037458	0.711130033730265	9.9521e-53	0.00112955129762582	7.33266522887324e-52	v105a	region of previous residence
v105a_17	1	-13.8799905583508	0.710845619026732	5.0485e-53	8.50478665098575e-4	3.75274822380107e-52	v105a	region of previous residence
v105a_18	1	-13.9999341474779	0.542163327371624	5.8039e-74	0.0015879826477172	5.8811916464891e-73	v105a	region of previous residence
v116_13	1	-12.0082786475384	0.352034972371951	2.0761e-143	2.33513277172248e-4	8.35430625e-142	v116	type of toilet facility
v116_19	1	-10.9560756206801	0.531880933722599	6.0913e-72	6.3083440354883e-5	5.94221223776224e-71	v116	type of toilet facility
v116_29	1	-11.5038525137134	0.844287366425608	4.3103e-37	1.1826216220101e-4	2.61429065217391e-36	v116	type of toilet facility
v116_42	1	-12.092043084788	0.47499424679075	6.5095000000000006e-98	1.70099208566699e-4	1.07252982283465e-96	v116	type of toilet facility
v116_96	1	-11.9698211030932	0.33115700244165	1.1315e-153	2.20149805940095e-4	5.919159375e-152	v116	type of toilet facility
v127_34	1	-11.9895789384495	0.732259880932598	3.3462e-50	9.93015820620613e-5	2.36951725888325e-49	v127	main floor material
v128_11	1	-12.9104043776815	0.307337109421431	4.7554e-182	2.4601198790708e-4	4.97533725e-180	v128	main wall material
v128_22	1	-10.9131282610461	0.471473407394996	1.6179e-85	6.9805048479088e-5	2.16323051118211e-84	v128	main wall material
v128_24	1	-10.9780762389669	0.589695287151687	1.4249e-61	8.33568182007083e-5	1.18083297029703e-60	v128	main wall material
v128_96	1	-11.2560267069939	0.885629715761887	5.4177e-33	8.70404852690854e-5	3.11016111111111e-32	v128	main wall material
v129_21	1	-11.9596797713921	0.390769980230181	2.7912e-125	1.46005686240902e-4	8.111925e-124	v129	main roof material
v129_36	1	-12.3517082336983	0.490300149750226	1.7215e-96	2.68042401767921e-4	2.72896875e-95	v129	main roof material
v129_96	1	-12.3532111152876	0.494672698009426	2.5978e-95	3.22129595348497e-4	4.02659e-94	v129	main roof material
v130_96	1	-11.8802853892552	0.357484139352537	6.4223e-139	1.41708802878782e-4	2.27773944915254e-137	v130	religion
v139_13	1	1.05941617958517	0.318747651802939	9.41659666353647e-4	9.85444821233639e-4	0.00420132804231345	v139	de jure region of residence
v150_1	1	0.957210552074393	0.274695715493159	5.2823167540661e-4	0.00536777040372516	0.00237704253932974	v150	relationship to household head
v150_4	1	-13.2955888516351	0.296148014882035	2.3956e-195	7.3361635852176e-4	3.341862e-193	v150	relationship to household head
v150_5	1	-14.2285084099144	0.275230165239709	6.6613e-225	0.00112567605346015	2.14442619230769e-222	v150	relationship to household head
v150_11	1	-13.1569574232752	0.391945152883825	1.2261e-140	3.44930820507683e-4	4.66475318181818e-139	v150	relationship to household head
v150_12	1	-12.4348258141257	0.458502006042142	8.0664e-107	3.5544654707087e-4	1.64672604878049e-105	v150	relationship to household head
v151_1	1	-0.951380171244945	0.247841662724341	1.36637128377379e-4	0.00593791532366605	6.31154947306105e-4	v151	sex of household head
v151_2	1	0.951380171244949	0.247841662724342	1.36637128377375e-4	0.00593791532366605	6.31154947306105e-4	v151	sex of household head
b10_01_4	1	-13.2391179929963	0.309984736930434	2.3835e-184	5.72734547098941e-4	2.77081875e-182	b10_01	completeness of information
b10_02_6	1	-11.4536451706881	0.765274230448638	3.4747e-43	1.14854307406986e-4	2.2303097392638e-42	b10_02	completeness of information
b10_02_8	1	-13.2651005359808	0.447038560481373	3.0854e-119	4.40787558949718e-4	8.02012360248447e-118	b10_02	completeness of information
b10_03_6	1	-11.1510780735087	0.661815539719734	8.1387e-52	1.00075113514508e-4	5.89281306228374e-51	b10_03	completeness of information
b10_03_7	1	-10.9847399615946	0.62413442997994	1.6978e-55	5.99933851800349e-5	1.30372348623853e-54	b10_03	completeness of information
b10_03_8	1	-14.3944059879933	0.331151034094357	1.9526e-181	0.00137417908422299	1.99308073170732e-179	b10_03	completeness of information
b10_04_6	1	-11.9846397353863	0.691426877589219	2.808e-53	1.03273974397022e-4	2.10223255813953e-52	b10_04	completeness of information
b10_04_8	1	-14.1670868041818	0.322418807586248	1.1049e-175	0.00128562121320508	9.633346875e-174	b10_04	completeness of information
b10_05_2	1	-10.923415451925	1.03025347376251	1.6008e-23	5.78668750506051e-5	8.48018734177215e-23	b10_05	completeness of information
b10_05_3	1	-15.0892615411839	0.334219475161062	1.8134e-166	0.00191184414615087	1.24411131147541e-164	b10_05	completeness of information
b10_05_7	1	-13.1560074511382	0.501002706962167	7.9057e-92	5.64571822384452e-4	1.16497727112676e-90	b10_05	completeness of information
v227_2	1	-12.1323768389493	0.429365087853827	7.1081e-113	2.4764242548081e-4	1.7294999127907e-111	v227	flag for last period
v307_06_0	1	10.6162065698629	1.05030605683534	7.4557e-21	4.18782436177878e-5	3.7912642162819e-20	v307_06	method currently used
v307_06_1	1	-10.6162065697327	1.05030605616523	7.4557e-21	4.18782436176768e-5	3.7912642162819e-20	v307_06	method currently used
v307_08_0	1	13.6597178230373	0.610575761373491	8.6251e-71	8.41675012959064e-4	8.27890905963303e-70	v307_08	method currently used
v307_08_1	1	-13.659717821782	0.610575750766633	8.6251e-71	8.41675012959064e-4	8.27890905963303e-70	v307_08	method currently used
v307_09_0	1	13.1910147846055	0.489864542788941	1.3503e-87	5.52287571354948e-4	1.87119387417219e-86	v307_09	method currently used
v307_09_1	1	-13.1910147838811	0.489864538998738	1.3503e-87	5.52287571354837e-4	1.87119387417219e-86	v307_09	method currently used
v307_14_0	1	8.723026616957	1.04024269483619	9.3851e-16	8.88990781144905e-6	4.56174721254355e-15	v307_14	method currently used
v307_14_1	1	-8.72302661749014	1.04024269630543	9.3851e-16	8.88990781133803e-6	4.56174721254355e-15	v307_14	method currently used
v307_16_0	1	12.0738394907424	0.792522276305261	7.6158e-39	1.23422238704984e-4	4.67333181818182e-38	v307_16	method currently used
v307_16_1	1	-12.0738394895239	0.792522273450234	7.6158e-39	1.23422238704873e-4	4.67333181818182e-38	v307_16	method currently used
v312_8	1	-12.4270932526289	0.540412230417591	1.0454e-84	2.44050680701657e-4	1.35869534161491e-83	v312	current contraceptive method
v312_9	1	-12.0366772905674	0.447302775831848	1.0833e-105	1.59192781827966e-4	2.15886214285714e-104	v312	current contraceptive method
v313_2	1	-13.2378453795744	0.445008699945046	9.0599e-121	4.03914412442363e-4	2.43049240384615e-119	v313	current use by method type
v364_2	1	-13.1978759218886	0.419613558259526	1.0442e-129	4.3904647944093e-4	3.36152076923077e-128	v364	contraceptive use and intention
v3a08k_0	1	12.7869407844887	0.60932833879442	1.0094e-68	2.58332511062553e-4	9.26390131578947e-68	v3a08k	reason not using: others opposed
v3a08k_1	1	-12.7869407855446	0.609328345067012	1.0094e-68	2.58332511062664e-4	9.26390131578947e-68	v3a08k	reason not using: others opposed
v3a08l_0	1	12.9362496197009	0.552891100789374	7.4799e-80	4.33129162539014e-4	8.59983008241758e-79	v3a08l	reason not using: religious prohibition
v3a08l_1	1	-12.936249620387	0.552891105431088	7.4799e-80	4.33129162539125e-4	8.59983008241758e-79	v3a08l	reason not using: religious prohibition
v3a08m_0	1	14.8588652412836	0.387490503348626	4.9096e-144	0.0023442711123477	2.0546676e-142	v3a08m	reason not using: knows no method
v3a08m_1	1	-14.8588652419362	0.387490506550974	4.9096e-144	0.00234427111234758	2.0546676e-142	v3a08m	reason not using: knows no method
v3a08n_0	1	14.7764197144827	0.397905800348014	2.9344e-139	0.00122861291533483	1.04961230769231e-137	v3a08n	reason not using: knows no source
v3a08n_1	1	-14.776419715273	0.3979058049836	2.9344e-139	0.00122861291533505	1.04961230769231e-137	v3a08n	reason not using: knows no source
v3a08q_0	1	12.0252966113971	0.870998750410082	2.0529e-36	1.55727688821328e-4	1.23262360114778e-35	v3a08q	reason not using: lack of access/too far
v3a08q_1	1	-12.0252966127135	0.870998753279112	2.0529e-36	1.55727688821328e-4	1.23262360114778e-35	v3a08q	reason not using: lack of access/too far
v3a08r_0	1	11.4774829781008	0.757124349612733	3.0117e-42	5.13839091593749e-5	1.91841164383562e-41	v3a08r	reason not using: costs too much
v3a08r_1	1	-11.4774829791339	0.757124353576661	3.0117e-42	5.13839091592638e-5	1.91841164383562e-41	v3a08r	reason not using: costs too much
v3a08t_0	1	12.8658490567922	0.715515451260564	6.7232e-55	1.89739448756665e-4	5.13441459854015e-54	v3a08t	reason not using: interferes with body's processes
v3a08t_1	1	-12.8658490576068	0.715515453911128	6.7232e-55	1.89739448756665e-4	5.13441459854015e-54	v3a08t	reason not using: interferes with body's processes
v3a08u_0	1	10.3855979017477	1.05202614956115	6.1056e-21	1.38623493194379e-5	3.11229427527406e-20	v3a08u	reason not using: preferred method not available
v3a08u_1	1	-10.385597903359301	1.05202615128089	6.1056e-21	1.38623493195489e-5	3.11229427527406e-20	v3a08u	reason not using: preferred method not available
v3a08v_0	1	12.4118315739912	0.47375189578709	1.2389e-92	1.61021091239055e-4	1.83858031914894e-91	v3a08v	reason not using: no method available
v3a08v_1	1	-12.4118315731088	0.473751887283136	1.2389e-92	1.61021091238611e-4	1.83858031914894e-91	v3a08v	reason not using: no method available
m3k_2_0	1	12.9190297483732	0.580273267507783	4.7342e-75	2.6704870826566e-4	4.89200666666667e-74	m3k_2	assistance: other
m3k_2_1	1	-12.9190297476317	0.580273262638655	4.7342e-75	2.67048708265549e-4	4.89200666666667e-74	m3k_2	assistance: other
m15_1_32	1	-13.2673525583253	0.590400832849058	4.6478e-81	3.57820078313531e-4	5.65437296511628e-80	m15_1	place of delivery
m15_2_31	1	-12.2908756514028	0.898817168969895	5.8229e-36	2.37140745001474e-4	3.46148245738636e-35	m15_2	place of delivery
m15_2_32	1	-11.7706365262294	0.82493816830533	1.6676e-38	6.64968298803581e-5	1.02180175695461e-37	m15_2	place of delivery
m17_2_0	1	14.1816070578695	0.491256477568565	2.5342e-105	8.58705110960645e-4	4.93284976744186e-104	m17_2	delivery by caesarean section
m17_2_1	1	-14.1816070573679	0.49125647449674	2.5342e-105	8.58705110960312e-4	4.93284976744186e-104	m17_2	delivery by caesarean section
m29_1_0	1	13.1877196257087	0.499141600513038	8.5781e-102	3.46965266177834e-4	1.56084123913043e-100	m29_1	flag for abstinence
m29_1_1	1	-12.1678268757398	0.608748294398385	4.0881e-68	2.18545183505392e-4	3.7192822826087e-67	m29_1	flag for abstinence
m45_1_8	1	-12.5942840613734	0.387610963479222	4.9249e-133	1.72599000042517e-4	1.63577035714286e-131	m45_1	during pregnancy, given or bought iron tablets/syrup
m55c_1_0	1	11.545921862235	0.551172847678049	5.603e-73	5.92483327545024e-5	5.55652962085308e-72	m55c_1	first 3 days, given sugar/glucose water
m55c_1_1	1	-11.5459218611506	0.551172844272888	5.603e-73	5.92483327546134e-5	5.55652962085308e-72	m55c_1	first 3 days, given sugar/glucose water
m55l_1_0	1	11.8160510814219	0.688976274511373	1.2373e-53	7.99738512965442e-5	9.31313039568345e-53	m55l_1	first 3 days, given powdered milk
m55l_1_1	1	-11.8160510808018	0.688976270112283	1.2373e-53	7.99738512962112e-5	9.31313039568345e-53	m55l_1	first 3 days, given powdered milk
m55n_1_0	1	11.6842340936817	0.553093180157468	6.72e-74	9.13105085071919e-5	6.7441726618705e-73	m55n_1	"first 3 days, given ""quissangua"""
m55n_1_1	1	-11.6842340941148	0.553093180933588	6.72e-74	9.13105085070809e-5	6.7441726618705e-73	m55n_1	"first 3 days, given ""quissangua"""
m57n_1_0	1	14.2007722663782	0.546511374391907	4.0806e-97	0.00137092783009574	6.59355637065637e-96	m57n_1	antenatal care: medical center
m57n_1_1	1	-14.2007722658914	0.546511371803649	4.0806e-97	0.00137092783009563	6.59355637065637e-96	m57n_1	antenatal care: medical center
m70_1_8	1	-13.009663996371	0.508876825869312	2.6088e-97	2.24225936407141e-4	4.24818210116731e-96	m70_1	baby postnatal check within 2 months
m77_2_8	1	-12.9198921655139	0.484492395495671	2.1572e-95	5.05718753098017e-4	3.36861268656716e-94	m77_2	was child put on mother's chest and bare skin after birth
m78c_1_8	1	-13.1651841971222	0.502341551808417	1.1208e-100	2.98672531875432e-4	1.98752033898305e-99	m78c_1	during first 2 days health provider: counsel on newborn dangers
m78d_1_8	1	-12.0948045077149	0.547077272535718	3.7458e-79	2.10672895630815e-4	4.23680351351351e-78	m78d_1	during first 2 days health provider: counsel on breastfeeding
m78e_1_8	1	-12.1478436547409	0.651202983788799	2.8564e-61	1.51833181399219e-4	2.3531562992126e-60	m78e_1	during first 2 days health provider: observe breastfeeding
v409_8	1	-12.370494063829	0.49946538636466	1.0725e-90	1.1360834272589e-4	1.54772844827586e-89	v409	gave child plain water
v410_8	1	-11.3843204667749	0.852524742100668	2.7156e-35	3.23686662917488e-5	1.59842278481013e-34	v410	gave child juice
v411a_8	1	-10.4525140054501	1.02847811700909	2.6798e-22	2.56064932530053e-5	1.39143461538462e-21	v411a	gave child baby formula
v413_8	1	-10.4525140054501	1.02847811700909	2.6798e-22	2.56064932530053e-5	1.39143461538462e-21	v413	gave child other liquid
v414g_8	1	-11.510632125806	0.750606428763662	3.1094e-44	5.90475341173402e-5	2.02062717391304e-43	v414g	gave child eggs
v414h_8	1	-11.510632125806	0.750606428763662	3.1094e-44	5.90475341173402e-5	2.02062717391304e-43	v414h	gave child meat (beef, pork, lamb, chicken, etc)
v414j_8	1	-10.4525140054501	1.02847811700909	2.6798e-22	2.56064932530053e-5	1.39143461538462e-21	v414j	gave child any dark green leafy vegetables
v414k_8	1	-10.4525140054501	1.02847811700909	2.6798e-22	2.56064932530053e-5	1.39143461538462e-21	v414k	gave child mangoes, papayas, other vitamin a fruits
v414l_8	1	-11.4645126188666	0.641834020377996	2.8411e-56	7.59061511351744e-5	2.20593756957328e-55	v414l	gave child any other fruits
v414m_0	1	15.8135308186395	0.290236607956418	5.0059e-220	0.00288031015589885	1.23233479411765e-217	v414m	gave child liver, heart, other organs
v414m_1	1	-15.818090241899	0.292308395840993	1.091e-218	0.00281622701808271	2.536575e-216	v414m	gave child liver, heart, other organs
v414m_8	1	-11.510632125806	0.750606428763662	3.1094e-44	5.90475341173402e-5	2.02062717391304e-43	v414m	gave child liver, heart, other organs
v414n_0	1	1.54471899088878	0.548969105874939	0.00507594360069359	0.00673141278433365	0.0211581912040863	v414n	gave child fish or shellfish
v414n_1	1	-1.53749489131078	0.549006431940518	0.00528748563460634	0.00666110731747016	0.0219961504779598	v414n	gave child fish or shellfish
v414o_8	1	-11.4313205845655	0.586993493244524	3.3901e-64	8.83232095217901e-5	2.90728862704918e-63	v414o	gave child food made from beans, peas, lentils, nuts
v414p_8	1	-11.510632125806	0.750606428763662	3.1094e-44	5.90475341173402e-5	2.02062717391304e-43	v414p	gave child cheese, yogurt, other milk products
v414s_8	1	-12.6771093480029	0.527021872785755	4.0389e-87	2.2630694420267e-4	5.57848069306931e-86	v414s	gave child other solid-semisolid food
v463d_0	1	10.8258523116082	0.57524705990741	1.2691e-62	3.11541713845509e-5	1.0622367e-61	v463d	snuffs by nose (tumbaco)
v463d_1	1	-10.8258523135279	0.575247066077613	1.2691e-62	3.11541713846619e-5	1.0622367e-61	v463d	snuffs by nose (tumbaco)
v463j_0	1	12.1269715009196	0.421802663134105	1.6971e-115	2.27804282636246e-4	4.22759732142857e-114	v463j	smokes manufactured cigarette
v463j_1	1	-12.1269715019149	0.421802667070221	1.6971e-115	2.27804282636246e-4	4.22759732142857e-114	v463j	smokes manufactured cigarette
v463ab_1	1	-12.9705473284796	0.313987621471023	9.1287e-179	3.10080263377976e-4	8.68263852272727e-177	v463ab	frequency currently uses other type of tobacco
v480_8	1	-12.656396000826	0.603596490861804	2.6137e-64	2.61951845683561e-4	2.24606457905544e-63	v480	syringe and needle from new, unopened package
h1a_1_5	1	-10.6501333571021	0.724521728964372	1.2048e-41	4.25265086499982e-5	7.63952727272727e-41	h1a_1	has health card and or other vaccination document
h1a_1_7	1	-13.1251203231368	0.472296883508284	1.0045e-107	4.73654801985024e-4	2.15581153846154e-106	h1a_1	has health card and or other vaccination document
h1a_1_8	1	-10.6688135290945	0.767141815612215	5.1231e-38	3.6595537230566e-5	3.12538972303207e-37	h1a_1	has health card and or other vaccination document
h2_1_8	1	-13.0518200999999	0.492819957257258	4.8541e-101	3.91223192578671e-4	8.68137115384615e-100	h2_1	received bcg
h4_1_8	1	-11.8330125817341	0.527659042893601	4.1504e-80	1.68879883236106e-4	4.82484e-79	h4_1	received polio 1
h6_1_8	1	-11.8330125817341	0.527659042893601	4.1504e-80	1.68879883236106e-4	4.82484e-79	h6_1	received polio 2
h8_1_8	1	-11.8330125817341	0.527659042893601	4.1504e-80	1.68879883236106e-4	4.82484e-79	h8_1	received polio 3
h0_1_8	1	-11.8330125817341	0.527659042893601	4.1504e-80	1.68879883236106e-4	4.82484e-79	h0_1	received polio 0
h50_1_8	1	-12.8956880433712	0.419742216912686	1.5397e-122	4.36424921634204e-4	4.2673142384106e-121	h50_1	received hepatitis b at birth
h11_1_8	1	-12.9850565644859	0.527976127186505	4.0426e-92	4.11339384002507e-4	5.97819116607774e-91	h11_1	had diarrhea recently
h11_2_8	1	-14.0830845571748	0.4921794845531	1.9866e-103	8.94726895128484e-4	3.74500945945946e-102	h11_2	had diarrhea recently
h22_1_8	1	-13.0231593117224	0.581726169949043	1.5144e-80	3.58281530445037e-4	1.82644495677233e-79	h22_1	had fever in last two weeks
h22_2_8	1	-14.1304346915477	0.477994537903859	1.3443e-107	0.00102163718263826	2.84136136363636e-106	h22_2	had fever in last two weeks
h31_1_8	1	-13.0001831029589	0.569043334488597	6.0018e-83	3.68433073807295e-4	7.65778445121951e-82	h31_1	had cough in last two weeks
h31_2_0	1	16.2734714359454	0.377868877924035	6.6928e-162	0.00664748585238528	4.44593142857143e-160	h31_2	had cough in last two weeks
h31_2_2	1	-16.2565816488715	0.382332410664641	6.846e-160	0.00551309794632393	4.34098636363636e-158	h31_2	had cough in last two weeks
h31_2_8	1	-14.1304346915477	0.477994537903859	1.3443e-107	0.00102163718263826	2.84136136363636e-106	h31_2	had cough in last two weeks
h31b_1_8	1	-12.9850406999023	0.521359554323934	9.3244e-94	4.19902053145571e-4	1.39866e-92	h31b_1	short, rapid breaths
h31b_2_0	1	15.0979245260793	0.383776092671732	6.7531e-148	0.0030657349594595	2.9749182631579e-146	h31b_2	short, rapid breaths
h31b_2_1	1	-15.042545854785	0.396908918685122	2.7898e-142	0.00193065642133983	1.11193457142857e-140	h31b_2	short, rapid breaths
h31b_2_8	1	-14.1220261942374	0.466158020031144	8.6329e-111	0.00109427705538911	2.00714925e-109	h31b_2	short, rapid breaths
v501_5	1	1.25339855564617	0.436202078709983	0.00420189806683981	0.00547368457186004	0.0176201837772792	v501	current marital status
v502_2	1	1.30599507975155	0.398107477123777	0.00109535695413965	0.00732173544523274	0.00484573874532181	v502	currently/formerly/never in union
v530_2	1	-13.1679987166636	0.310711283090043	1.178e-183	4.3244386515362e-4	1.33241351351351e-181	v530	flag for v529
v532_1	1	-10.8358231791633	0.659419235332226	1.7064e-50	3.76613909777168e-5	1.21244210526316e-49	v532	flag for v531
v535_2	1	1.55305994135004	0.442864002477736	4.93220655936947e-4	0.0170039052473611	0.00222427634169841	v535	ever been married or in union
v536_0	1	-2.09927664607712	0.735718581332637	0.00447282519754843	0.00369259752864182	0.0187000733783618	v536	recent sexual activity
v536_3	1	1.1151532062392	0.293880835474971	1.62669969122755e-4	0.00805104989559668	7.46462522783695e-4	v536	recent sexual activity
v604_0	1	1.1493139524627	0.430707012166738	0.00784096884337584	0.00632618706604848	0.0319828992295593	v604	preferred waiting time for birth of a/another child (grouped)
v624_0	1	-1.94062322991237	0.738140383248466	0.00877835550174745	0.00298121963177767	0.0355294175771887	v624	unmet need
v624_5	1	-11.0654925608734	0.56266682474295	5.1817e-67	7.02550805818936e-5	4.56535042105263e-66	v624	unmet need
v626_0	1	-1.91326964453635	0.738378448951692	0.00979401113374748	0.00284658368600232	0.0393358316648111	v626	unmet need (definition 2)
v626_5	1	-11.0676745018379	0.562342534961741	4.0941e-67	6.98848102669292e-5	3.61472753164557e-66	v626	unmet need (definition 2)
v626a_0	1	-1.91326964453635	0.738378448951692	0.00979401113374748	0.00284658368600232	0.0393358316648111	v626a	unmet need for contraception (definition 3)
v704a_7	1	1.06496592764447	0.385615247950615	0.00593204580876817	0.00479392731634565	0.0244828517847089	v704a	husband/partner work in last 7 days/12 months
v705_9	1	-13.9260095887365	0.367067209338963	3.9207e-159	5.79595956009982e-4	2.3440185e-157	v705	husband/partner's occupation (grouped)
v705_97	1	1.06496592764447	0.385615247950615	0.00593204580876817	0.00479392731634565	0.0244828517847089	v705	husband/partner's occupation (grouped)
v71611	1	-14.5009791100028	0.520886839062538	5.0241e-107	0.0353216389670722	1.0460626119403e-105	v71611	NA
v743a_5	1	-12.1077537504577	0.633515624955955	1.7012e-63	1.93934828779274e-4	1.44705731707317e-62	v743a	person who usually decides on respondent's health care
v743a_6	1	-12.0300529431318	0.735492209642613	1.0264e-49	1.01359613166485e-4	7.21930084033613e-49	v743a	person who usually decides on respondent's health care
v743b_5	1	-11.9133745473577	0.591680984694241	9.6159e-69	1.42482231003105e-4	8.86399592511013e-68	v743b	person who usually decides on large household purchases
v743b_6	1	-10.7175072522883	0.708722354852652	8.7422e-44	4.84762637820157e-5	5.64600416666667e-43	v743b	person who usually decides on large household purchases
v743f_6	1	-9.49529369694412	1.03020294500047	5.6611e-19	1.01424287389795e-5	2.83055e-18	v743f	person who usually decides what to do with money husband earns
v762_11	1	-13.3959625291991	0.758888517720253	2.4163e-38	4.481434095297e-4	1.47839407894737e-37	v762	source of condoms used for last sex
v762_12	1	-14.2966856042709	0.693162421682256	1.6579e-45	5.57183702023734e-4	1.10307019077901e-44	v762	source of condoms used for last sex
v762_13	1	-13.4638530407363	0.780126327963455	2.3229e-37	5.49461365916826e-4	1.41093417997097e-36	v762	source of condoms used for last sex
v762_14	1	-14.7897896435069	0.658243396443007	1.0468e-49	0.00123529071190953	7.35043288590604e-49	v762	source of condoms used for last sex
v762_15	1	-12.1382244913428	1.11419398185656	1.0772e-20	6.03872711495423e-5	5.45772639225182e-20	v762	source of condoms used for last sex
v762_16	1	-12.1827135060756	1.00951265445403	8.044e-24	9.2165689624113e-5	4.26668441064639e-23	v762	source of condoms used for last sex
v762_17	1	-12.6544946430073	1.11423433831483	6.3238e-22	1.86077610294211e-4	3.27538403465347e-21	v762	source of condoms used for last sex
v762_26	1	-10.9718482550808	1.11418006564417	6.2194e-18	2.72524746971481e-5	3.07298571428571e-17	v762	source of condoms used for last sex
v762_33	1	-14.5635105626137	0.753539023778918	1.9486e-42	6.43443377946196e-4	1.24502152671756e-41	v762	source of condoms used for last sex
v762a_3	1	-14.9531926365307	0.618161764837916	1.8398e-53	0.00225809838400592	1.37985e-52	v762a	brand of condom used for last sex
v762a_4	1	-14.7512521216534	0.655187887468639	8.2697e-50	0.00157814433549763	5.82637954545455e-49	v762a	brand of condom used for last sex
v762a_5	1	-10.9712150189699	1.11324281366602	5.9366e-18	2.71200588752851e-5	2.93672234042553e-17	v762a	brand of condom used for last sex
v762a_6	1	-14.596623675302	0.678862831570992	1.5843e-47	0.00139041621955094	1.07809682926829e-46	v762a	brand of condom used for last sex
v762a_8	1	-12.1207556794382	0.814222277032801	2.7742e-31	1.40066420335372e-4	1.5731743902439e-30	v762a	brand of condom used for last sex
v762a_9	1	-14.6966192934265	0.678886095206224	7.3477e-48	0.00103192693679222	5.01633352365416e-47	v762a	brand of condom used for last sex
v762a_96	1	-13.5241881373618	0.745670101000416	1.5236e-39	5.45841863014984e-4	9.4603353115727e-39	v762a	brand of condom used for last sex
v784f_0	1	14.0121753382186	0.472685958596533	4.2756e-110	5.68586303491436e-4	9.77780655737705e-109	v784f	"place for hiv test: prevention of vertical transmission  (""ptv"")"
v784f_1	1	-14.0121753375214	0.472685958979657	4.2756e-110	5.68586303491325e-4	9.77780655737705e-109	v784f	"place for hiv test: prevention of vertical transmission  (""ptv"")"
v784l_0	1	10.5929697242617	1.02607910479594	1.1167e-22	2.39058782800505e-5	5.85637781954887e-22	v784l	"place for hiv test: private center of voluntary counseling and testing  (""catv"")"
v784l_1	1	-10.5929697236885	1.02607910295354	1.1167e-22	2.39058782801616e-5	5.85637781954887e-22	v784l	"place for hiv test: private center of voluntary counseling and testing  (""catv"")"
v784x_0	1	13.0130099025741	0.591151526357164	1.5212e-74	3.18504453930113e-4	1.56418230958231e-73	v784x	place for hiv test: other
v784x_1	1	-13.0130099020248	0.591151527487957	1.5212e-74	3.18504453930113e-4	1.56418230958231e-73	v784x	place for hiv test: other
v829_16	1	-14.3530977470127	0.324813178596275	1.0073e-166	0.00219199627762323	7.0259175e-165	v829	place where last hiv test was taken
v829_26	1	-11.4741993276198	0.849101369440647	3.185e-35	1.31247147783897e-4	1.87208216292135e-34	v829	place where last hiv test was taken
v838c_8	1	-12.9351710344256	0.412185417160516	2.6989e-117	4.68228807253501e-4	6.84539181818182e-116	v838c	during antenatal visit talked about: getting tested for hiv
v842_16	1	-12.8631546815728	0.529711172421479	1.3593e-79	2.90117990432992e-4	1.55428155737705e-78	v842	place were hiv test was taken as part of antenatal visit
v842_22	1	-11.8427188855049	0.803018832109925	2.5546e-39	8.40721095938246e-5	1.5791729689808e-38	v842	place were hiv test was taken as part of antenatal visit
v842_23	1	-12.39941856233	1.04832810028763	9.7626e-28	2.97639327037302e-4	5.32679022164276e-27	v842	place were hiv test was taken as part of antenatal visit
v858_2	1	4.28427996549982	0.744070821570922	1.3978e-8	0.00926964254428009	6.7239e-8	v858	would be afraid to get hiv from contact with saliva from infected person
v812_1	1	-12.0134600368477	0.495533221986563	2.1249e-91	9.52228206808625e-5	3.0877453125e-90	v812	presence of husband for 'wife beating justified' questions
mm2_03_8	1	-10.8680844185261	0.536576314479751	1.9344e-69	6.33850815243697e-5	1.80702321428571e-68	mm2_03	survival status of sibling
mm2_05_8	1	-12.2288539808357	0.730078201161302	6.8939e-51	1.55899438674334e-4	4.92337397610921e-50	mm2_05	survival status of sibling
mm2_06_8	1	-9.72741050886941	1.03625586078303	2.5107e-19	1.14039293378498e-5	1.25685161483254e-18	mm2_06	survival status of sibling
d105e_2	1	-14.0981333850047	0.377972534734496	1.2906e-154	6.55214955401551e-4	7.01449480519481e-153	d105e	ever been strangled or burnt by husband/partner
d105e_3	1	-12.0193418795666	0.592245479823079	3.2346e-69	1.77730337533211e-4	3.00150798226164e-68	d105e	ever been strangled or burnt by husband/partner
d105f_3	1	-12.9949941519384	0.498536325037705	5.3191e-99	2.43727104140334e-4	9.01232125506073e-98	d105f	ever been threatened with knife/gun or other weapon by husband/partner
d105h_3	1	-13.154947945733	0.375439276374952	6.9485e-144	6.77351421744965e-4	2.87915569306931e-142	d105h	ever been physically forced into unwanted sex by husband/partner
d105i_3	1	-12.3796159388386	0.625734292680552	1.3017e-66	2.55684475595208e-4	1.14205754716981e-65	d105i	ever been forced into other unwanted sexual acts by husband/partner
d105k_2	1	-14.0580767962752	0.350157487199892	9.4511e-168	0.00122352170384621	6.93909710526316e-166	d105k	ever been physically forced to perform sexual acts respondent didn't want to
d105k_3	1	-13.1068032222454	0.430255556137084	2.1648e-121	4.47267513231209e-4	5.88291428571429e-120	d105k	ever been physically forced to perform sexual acts respondent didn't want to
d115g_0	1	14.0292594306155	0.331345779429254	3.1068e-182	7.06194756295964e-4	3.33383538461538e-180	d115g	other relative: person who has ever physically hurt respondent
d115g_1	1	-14.0292594319731	0.33134578364331	3.1068e-182	7.06194756295742e-4	3.33383538461538e-180	d115g	other relative: person who has ever physically hurt respondent
d115v_0	1	10.7072278479989	0.680420161069122	5.9382e-47	2.3981898632397e-5	4.01476042003231e-46	d115v	teacher: person who has ever physically hurt respondent
d115v_1	1	-10.7072278484917	0.680420161638994	5.9382e-47	2.3981898632619e-5	4.01476042003231e-46	d115v	teacher: person who has ever physically hurt respondent
d115xi_0	1	13.2902633754771	0.354605553884027	3.4031e-159	5.32078178914985e-4	2.06405413043478e-157	d115xi	friend/acquaintance: person who has ever physically hurt respondent
d115xi_1	1	-13.2902633761345	0.354605557650567	3.4031e-159	5.32078178915207e-4	2.06405413043478e-157	d115xi	friend/acquaintance: person who has ever physically hurt respondent
d118b_0	1	12.1384271780492	0.666677498297154	4.6554e-59	1.07980774338823e-4	3.75392080924856e-58	d118b	mother/step mother: person who hurt respondent during a pregnancy
d118b_1	1	-12.1384271790757	0.666677499562494	4.6554e-59	1.07980774338712e-4	3.75392080924856e-58	d118b	mother/step mother: person who hurt respondent during a pregnancy
d118f_0	1	12.0017278830753	0.638790820310378	5.1481e-62	9.38489431407952e-5	4.28326013916501e-61	d118f	sister/brother: person who hurt respondent during a pregnancy
d118f_1	1	-12.0017278832524	0.638790823248076	5.1481e-62	9.38489431410172e-5	4.28326013916501e-61	d118f	sister/brother: person who hurt respondent during a pregnancy
d118k_0	1	11.1279236134641	0.768504265106431	7.5053e-41	8.34463334363766e-5	4.73750837104072e-40	d118k	current boyfriend: person who hurt respondent during a pregnancy
d118k_1	1	-11.1279236138913	0.768504266029559	7.5053e-41	8.34463334360436e-5	4.73750837104072e-40	d118k	current boyfriend: person who hurt respondent during a pregnancy
d118x_0	1	10.7057975517287	0.639905570357777	1.1546e-51	2.44238071288594e-5	8.31669707401033e-51	d118x	other: person who hurt respondent during a pregnancy
d118x_1	1	-10.7057975511592	0.639905568904355	1.1546e-51	2.44238071288594e-5	8.31669707401033e-51	d118x	other: person who hurt respondent during a pregnancy
d118xi_0	1	13.2273903366735	0.473221053532778	5.8107e-110	3.50670061061376e-4	1.3074075e-108	d118xi	friend/acquaintance: person who hurt respondent during a pregnancy
d118xi_1	1	-13.2273903375396	0.473221057427	5.8107e-110	3.50670061061042e-4	1.3074075e-108	d118xi	friend/acquaintance: person who hurt respondent during a pregnancy
d119x_0	1	13.2847231434441	0.586158051500538	3.9104e-75	0.00057308942962963595	4.08105336658354e-74	d119x	other: person respondent went to seek help
d119x_1	1	-13.284723143728	0.586158052774602	3.9104e-75	0.00057308942962963595	4.08105336658354e-74	d119x	other: person respondent went to seek help
d119xb_0	1	13.1989581105005	0.541485031634441	9.654e-83	5.66921282166843e-4	1.22431540909091e-81	d119xb	social service organization: person respondent went to seek help
d119xb_1	1	-13.1989581115447	0.541485034557966	9.6541e-83	5.66921282166843e-4	1.22431540909091e-81	d119xb	social service organization: person respondent went to seek help
d119xh_0	1	13.0284372141703	0.694107617575918	1.0937e-57	2.65914056437833e-4	8.60363627819549e-57	d119xh	doctor/health personnel: person respondent went to seek help
d119xh_1	1	-13.0284372153736	0.694107619237154	1.0937e-57	2.65914056437833e-4	8.60363627819549e-57	d119xh	doctor/health personnel: person respondent went to seek help
d122b_1	1	-14.1019043246969	0.264164794463852	7.3155e-230	0.00105524193290718	3.4017075e-227	d122b	interview interrupted: other adult male's presence
d122c_1	1	-14.1035256125666	0.229238674495999	4.3691e-261	0.00156187483581738	1.82846835e-257	d122c	interview interrupted: adult female's presence
d125_6	1	-12.8850287666719	0.369396951603813	2.2652e-146	2.65180517126207e-4	9.87485625e-145	d125	ever forced to perform unwanted sexual acts
s105_15	1	-13.51820182476	0.44950411646529	1.3009e-118	8.59517944922561e-4	3.31967469512195e-117	s105	highest educational class attained
s105_16	1	-13.4348027127165	0.394673548087208	5.4411e-138	9.47077681794695e-4	1.91352970588235e-136	s105	highest educational class attained
s105_18	1	-12.5221948906058	0.460510860888856	3.9141e-104	3.33866822321505e-4	7.44568568181818e-103	s105	highest educational class attained
s105_19	1	-11.3598072177038	0.693060826013915	1.559e-49	1.04612176554775e-4	1.09103929765886e-48	s105	highest educational class attained
s105_90	1	-10.8875601759306	0.630054498542471	7.4641e-54	4.11058367246753e-5	5.63849431407942e-53	s105	highest educational class attained
s106a_1	1	-10.8875601759306	0.630054498542471	7.4641e-54	4.11058367246753e-5	5.63849431407942e-53	s106a	highest educational level attained
s904_1	1	-11.8513437417115	0.528618886524166	9.3765e-79	1.61297556865003e-4	1.043634375e-77	s904	highest educational class attained
s904_2	1	-14.0121478247193	0.372223357022985	9.5083e-152	0.00118336020445331	4.73717089285714e-150	s904	highest educational class attained
s904_16	1	-12.94848608541	0.454527196334761	6.8494e-109	3.8060488709335e-4	1.50077167539267e-107	s904	highest educational class attained
s904_17	1	-14.1537724075751	0.438092385206421	2.9058e-127	0.00100236621825756	9.07520373134328e-126	s904	highest educational class attained
s905_8	1	-13.1502082006058	0.564545916793158	1.8382e-82	3.16530206249777e-4	2.30325359281437e-81	s905	class completed successfully
s905a_7	1	-12.2418123258878	0.955770690060111	8.6013e-33	1.01905706471839e-4	4.93101924657534e-32	s905a	highest educational level attained
s1025_0	1	-1.52954321608586	0.575644894023056	0.00816649193947135	0.00448069158275588	0.0332135750891036	s1025	last hiv test result
s1025_1	1	4.15409052719761	0.77137377457924206	1.17594975876629e-7	0.0151452349214251	5.65022932311931e-7	s1025	last hiv test result
s1025_4	1	-12.2933305161994	0.570416803717065	5.52e-71	2.16177950484786e-4	5.3475e-70	s1025	last hiv test result
s1113_16	1	-13.2243287733418	0.839578778593539	7.003e-38	3.99741801811904e-4	4.25981904069767e-37	s1113	place where sought medical care
s1113_21	1	-15.4716038829101	0.531107375021564	2.8067e-77	0.00592862547598039	3.05091935064935e-76	s1113	place where sought medical care
s1113_22	1	-15.6281217091115	0.702122320516866	3.7971e-58	0.00360171260771025	3.02107671102662e-57	s1113	place where sought medical care
s1113_26	1	-13.1452517782306	0.851630312064904	7.2885e-37	3.27234586885217e-4	4.3951545389049e-36	s1113	place where sought medical care
s1116_0	1	-14.1787536588077	0.697772540322627	1.4283e-51	0.00113968855735602	1.02705077319588e-50	s1116	was able to speak and understand the health technician easily, with difficulty o
s1118_5	1	-14.0560324598679	0.678298302710578	9.0096e-53	0.0010608291218942	6.64994285714286e-52	s1118	was satisfied with the treatment received in the last consultation
hv101_02_2	1	-0.94734214798332	0.248109988067953	1.48167885987567e-4	0.00554542251301471	6.8215907905167e-4	hv101_02	relationship to head
hv101_02_4	1	-10.825822169374	0.687591013197723	4.1412e-47	2.63506968560812e-5	2.81346136363636e-46	hv101_02	relationship to head
hv101_02_12	1	-11.0017886534903	0.665361068658275	5.2708e-51	8.11313404028846e-5	3.77064923076923e-50	hv101_02	relationship to head
hv101_03_4	1	-12.0861534238863	0.496241447232024	8.54e-92	2.22638155945032e-4	1.25403157894737e-90	hv101_03	relationship to head
hv101_03_7	1	-11.8532997640767	0.448416989235113	6.7952e-103	1.29405985162423e-4	1.2639072e-101	hv101_03	relationship to head
hv101_03_12	1	-13.0560410605893	0.40992277920213	2.186e-131	2.56994981028047e-4	7.20347244094488e-130	hv101_03	relationship to head
hv101_04_3	1	-1.1562245634176	0.32048605807391	3.3495619663288e-4	0.00660998356439846	0.00151873421766913	hv101_04	relationship to head
hv101_04_10	1	1.30186813731732	0.479301283352334	0.00679664222646311	0.00492126917550939	0.0279410095459215	hv101_04	relationship to head
hv101_04_12	1	-12.9611453297291	0.413377054822461	5.5602e-128	2.35525068617126e-4	1.74958172932331e-126	hv101_04	relationship to head
hv101_05_3	1	-0.986526627330734	0.367825987989019	0.00752762132524489	0.00516870489294319	0.0308249464248042	hv101_05	relationship to head
hv101_05_4	1	-11.7882737791069	0.5259522509714	1.943e-80	8.50403997103566e-5	2.31665384615385e-79	hv101_05	relationship to head
hv101_05_12	1	-12.0549969308508	0.512551846291249	3.3321e-86	1.92172181456174e-4	4.54229267100977e-85	hv101_05	relationship to head
hv101_06_4	1	-12.2017171654685	0.78154374281681	1.0307e-45	2.00060165450933e-4	6.89054233226837e-45	hv101_06	relationship to head
hv101_06_6	1	-13.2443378688546	0.780331452889715	3.2381e-52	2.97010788215757e-4	2.35268203125e-51	hv101_06	relationship to head
hv101_06_7	1	-12.23099947977	0.874237731918022	3.0682e-38	1.12489371720703e-4	1.87451343065693e-37	hv101_06	relationship to head
hv101_06_12	1	-12.0312771094309	0.601862603974867	3.7719e-67	2.05731064467529e-4	3.34436472457627e-66	hv101_06	relationship to head
hv101_07_3	1	-1.81562298625465	0.46549166631552	1.0974122067095e-4	0.0139704684651821	5.09730309109795e-4	hv101_07	relationship to head
hv101_07_4	1	-13.944866421006	0.576774318489358	5.2874e-85	4.68156201690939e-4	7.0024585443038e-84	hv101_07	relationship to head
hv101_07_7	1	-11.4790713990909	0.607428614058931	6.3268e-60	5.30661101626473e-5	5.12140386847195e-59	hv101_07	relationship to head
hv101_07_8	1	-13.9739334652618	0.50263715236936	5.4628e-102	7.31460661247851e-4	1.00271131578947e-100	hv101_07	relationship to head
hv101_07_12	1	-13.3308377522103	0.809127378368216	1.2088e-48	5.92767513838632e-4	8.38943283582089e-48	hv101_07	relationship to head
hv101_08_4	1	-14.3289193531823	0.538023327793218	7.8272e-89	0.00139450576733013	1.11040108474576e-87	hv101_08	relationship to head
hv101_08_6	1	-11.7381765127373	0.838031609229214	3.2462e-36	6.80183843557725e-5	1.94076385714286e-35	hv101_08	relationship to head
hv101_08_11	1	-12.1382280072658	0.85693661775202	7.4901e-37	1.69916125678182e-4	4.51022568345324e-36	hv101_08	relationship to head
hv101_08_12	1	-14.5314174160349	0.850450871340632	6.0976e-49	0.00101850013336902	4.253076e-48	hv101_08	relationship to head
hv101_09_3	1	-1.96278312727296	0.70070396806758	0.00544807325852868	0.0166315783798243	0.0226192327251414	hv101_09	relationship to head
hv101_09_4	1	-14.706323435418	0.755142712126756	6.1892e-54	0.001879783148106	4.70087150635209e-53	hv101_09	relationship to head
hv101_09_6	1	-11.0178841666829	1.07343077316315	3.529e-21	6.60569116482934e-5	1.81213067484663e-20	hv101_09	relationship to head
hv101_09_8	1	-13.1889612882765	0.546304862688498	2.7074e-70	7.05647896489414e-4	2.58686506849315e-69	hv101_09	relationship to head
hv101_10_4	1	-12.1219115329902	0.779784528921398	2.0935e-35	1.91160710179439e-4	1.23398556338028e-34	hv101_10	relationship to head
hv101_10_6	1	-12.0863717837906	0.812408759831809	1.9486e-33	1.43217197820289e-4	1.12948628808864e-32	hv101_10	relationship to head
hv101_10_7	1	-11.0489312009255	0.823420807602625	4.1164e-29	1.04296945175886e-4	2.28173960264901e-28	hv101_10	relationship to head
hv101_10_8	1	-14.6170501876284	0.620558783464048	1.408e-57	0.00161547250138228	1.10553095684803e-56	hv101_10	relationship to head
hv101_10_11	1	-12.8775182152436	1.05323823167911	1.4054e-25	5.58292680198136e-4	7.50203954081633e-25	hv101_10	relationship to head
hv102_03_0	1	-13.1697570130534	0.503715440745104	2.345e-101	6.71983110597574e-4	4.23009698275862e-100	hv102_03	usual resident
hv102_03_1	1	13.1697570126198	0.50371543311465	2.345e-101	6.71983110597796e-4	4.23009698275862e-100	hv102_03	usual resident
hv102_08_0	1	-14.2700932011937	0.733478397269551	5.8849e-59	0.00130881453845566	4.72712216890595e-58	hv102_08	usual resident
hv102_08_1	1	14.2700932023813	0.733478399993847	5.8849e-59	0.00130881453845577	4.72712216890595e-58	hv102_08	usual resident
hv102_09_0	1	-14.6863071930369	0.799985028524954	6.6269e-50	0.00253803569620814	4.67682571669477e-49	hv102_09	usual resident
hv102_09_1	1	14.686307194246	0.79998503189045	6.6269e-50	0.00253803569620792	4.67682571669477e-49	hv102_09	usual resident
hv102_10_0	1	-14.4005531695098	0.504126056637061	9.6741e-70	0.00268841811780074	9.05729496644295e-69	hv102_10	usual resident
hv102_10_1	1	14.4005531686832	0.504126053823587	9.6741e-70	0.00268841811780052	9.05729496644295e-69	hv102_10	usual resident
hv103_06_0	1	-13.10444620965	0.510139804670171	4.6613e-96	3.14777025643087e-4	7.30619494382022e-95	hv103_06	slept last night
hv103_06_1	1	13.1044462056971	0.510139789159675	4.6612e-96	3.14777025643309e-4	7.30619494382022e-95	hv103_06	slept last night
hv103_08_0	1	-11.7419761734189	0.574200117082342	3.6252e-63	1.38335866924133e-4	3.06494181818182e-62	hv103_08	slept last night
hv103_08_1	1	11.7419761756294	0.57420012591785	3.6252e-63	1.38335866923911e-4	3.06494181818182e-62	hv103_08	slept last night
hv103_09_0	1	-13.4394231908979	0.744024519643493	7.7764e-49	6.25453234883611e-4	5.40601893687708e-48	hv103_09	slept last night
hv103_09_1	1	13.4394231896689	0.744024519756088	7.7764e-49	0.00062545323488372205	5.40601893687708e-48	hv103_09	slept last night
hv104_01_1	1	-0.951380171244945	0.247841662724341	1.36637128377379e-4	0.00593791532366605	6.31154947306105e-4	hv104_01	sex of household member
hv104_01_2	1	0.951380171244949	0.247841662724342	1.36637128377375e-4	0.00593791532366605	6.31154947306105e-4	hv104_01	sex of household member
hv106_02_8	1	-13.4618297060787	0.580965676754756	1.1942e-85	6.17524543081061e-4	1.60698617363344e-84	hv106_02	highest educational level attained
hv106_05_3	1	-13.3436499354917	0.42692231844791	4.4968e-126	8.1162790124012e-4	1.36370347826087e-124	hv106_05	highest educational level attained
hv106_06_3	1	-13.2965790907641	0.602359281528703	1.0779e-77	0.00050211128213451005	1.17780979112272e-76	hv106_06	highest educational level attained
hv106_07_3	1	-8.32409521757906	1.03671688299782	7.6543e-15	4.5523326955843e-6	3.70326537572254e-14	hv106_07	highest educational level attained
hv106_08_3	1	-13.4070637116632	0.744072789971991	7.1643e-53	5.97058883115342e-4	5.29727835689046e-52	hv106_08	highest educational level attained
hv106_09_3	1	-13.5929719549564	0.868443963776896	4.5554e-40	7.07251597915959e-4	2.83695669642857e-39	hv106_09	highest educational level attained
hv106_10_2	1	-15.7635857050469	0.485778849715527	2.7471e-78	0.00987782118065161	3.03340725593668e-77	hv106_10	highest educational level attained
hv106_10_3	1	-11.0269334482313	0.80239414990826	4.4863e-30	8.91291697775465e-5	2.50002203728362e-29	hv106_10	highest educational level attained
hv109_02_8	1	-13.4618297060787	0.580965676754756	1.1942e-85	6.17524543081061e-4	1.60698617363344e-84	hv109_02	educational attainment
hv109_05_5	1	-13.3436499354917	0.42692231844791	4.4968e-126	8.1162790124012e-4	1.36370347826087e-124	hv109_05	educational attainment
hv109_06_5	1	-13.2965790907641	0.602359281528703	1.0779e-77	0.00050211128213451005	1.17780979112272e-76	hv109_06	educational attainment
hv109_07_2	1	-15.011832455484	0.421015854554395	6.9445e-137	0.00134455817385937	2.40187871900826e-135	hv109_07	educational attainment
hv109_07_4	1	-13.0953211693404	0.564832326952786	2.7251e-80	5.15062980312453e-4	3.22162245762712e-79	hv109_07	educational attainment
hv109_07_5	1	-8.32409521757906	1.03671688299782	7.6543e-15	4.5523326955843e-6	3.70326537572254e-14	hv109_07	educational attainment
hv109_08_5	1	-13.4070637116632	0.744072789971991	7.1643e-53	5.97058883115342e-4	5.29727835689046e-52	hv109_08	educational attainment
hv109_09_4	1	-14.5425182124178	0.81997424081882	1.2038e-47	0.00142366540800232	8.20505374592834e-47	hv109_09	educational attainment
hv109_09_5	1	-13.5929719549564	0.868443963776896	4.5554e-40	7.07251597915959e-4	2.83695669642857e-39	hv109_09	educational attainment
hv109_10_2	1	-13.1886381537845	1.05162749371289	1.6478e-26	3.80928966982941e-4	8.90961627906977e-26	hv109_10	educational attainment
hv109_10_3	1	-15.7979400806841	0.497824143222271	9.1257e-77	0.00928334203267211	9.81775179948586e-76	hv109_10	educational attainment
hv109_10_4	1	-13.2125194006392	0.803844873704449	5.1565e-38	5.30506319630475e-4	3.14118668122271e-37	hv109_10	educational attainment
hv109_10_5	1	-11.0269334482313	0.80239414990826	4.4863e-30	8.91291697775465e-5	2.50002203728362e-29	hv109_10	educational attainment
hv111_02_0	1	-13.4285719466453	0.435536917136663	3.7441e-106	0.00118240276986203	7.53320120192308e-105	hv111_02	mother alive
hv111_02_1	1	13.4285719469001	0.435536918788032	3.7441e-106	0.0011824027698617	7.53320120192308e-105	hv111_02	mother alive
hv111_09_8	1	-13.5120006886594	1.06706293208599	4.9206e-29	5.23869825771683e-4	2.72390357142857e-28	hv111_09	mother alive
hv113_02_8	1	-12.3497288417277	0.782041846709482	1.0867e-43	2.11645546724037e-4	6.99667615384615e-43	hv113_02	father alive
hv113_06_8	1	-11.7010410351619	0.691688573827807	9.7366e-52	6.87567665726974e-5	7.03759430051813e-51	hv113_06	father alive
hv113_07_8	1	-12.9673626901429	0.680104377941396	2.4564e-60	2.2983079408212e-4	1.99612310679612e-59	hv113_07	father alive
hv115_01_1	1	-0.979825157485902	0.263996481411842	2.24905872779177e-4	0.00618273939744018	0.00102866784435066	hv115_01	current marital status
hv115_02_3	1	2.52655436391631	0.785178240622045	0.00136158574559434	0.0050998023799117	0.00599183632524954	hv115_02	current marital status
hv115_02_4	1	-10.6323258063273	0.504147272607639	3.1042e-74	4.12229146997678e-5	3.16855536585366e-73	hv115_02	current marital status
hv115_03_3	1	-13.7438141696616	0.371100604501883	9.571e-142	4.93933951757675e-4	3.7787391509434e-140	hv115_03	current marital status
hv115_03_4	1	-11.5665994827391	0.661643070866167	3.9536e-53	5.25743418516855e-5	2.94934331550802e-52	hv115_03	current marital status
hv115_04_3	1	-14.3270461386787	0.723151465389423	8.6666e-58	9.33810938261725e-4	6.86926534090909e-57	hv115_04	current marital status
hv116_01_1	1	-0.979825157485902	0.263996481411842	2.24905872779177e-4	0.00618273939744018	0.00102866784435066	hv116_01	currently, formerly, never married
hv116_01_2	1	0.86819159512711	0.261017662687845	9.33416390219383e-4	0.0042729764702667	0.00416899422952841	hv116_01	currently, formerly, never married
hv116_02_2	1	1.80201698781819	0.398969459704712	7.5703792395613e-6	0.00851032458624945	3.61254699174048e-5	hv116_02	currently, formerly, never married
hv117_01_0	1	-0.822134766609865	0.287264644906104	0.00435519268314806	0.00433373957721139	0.0182264813789746	hv117_01	eligibility for female interview
hv117_01_1	1	0.822134766609866	0.287264644906104	0.00435519268314796	0.00433373957721139	0.0182264813789746	hv117_01	eligibility for female interview
hv118_01_0	1	0.850810796227533	0.315681319821562	0.00722978724937084	0.00435360565597898	0.0296343385294975	hv118_01	eligibility for male interview
hv118_01_1	1	-0.850810796227533	0.31568131982156	0.00722978724937041	0.00435360565597886	0.0296343385294975	hv118_01	eligibility for male interview
hv118_10_0	1	15.7082769922752	0.440432819205811	7.7523e-85	0.00771544681922476	1.01703371473354e-83	hv118_10	eligibility for male interview
hv118_10_1	1	-15.7082769922705	0.440432819414313	7.7523e-85	0.00771544681922487	1.01703371473354e-83	hv118_10	eligibility for male interview
hv122_01_3	1	-12.3888138319744	0.624530092137668	6.2553e-68	2.48086778438905e-4	5.678618329718e-67	hv122_01	educational level during current school year
hv122_05_3	1	-13.372364859234	0.472152686106067	3.8621e-111	6.64090601734335e-4	9.08027443820225e-110	hv122_05	educational level during current school year
hv122_06_3	1	-12.1902628977386	0.921994841725835	7.9235e-35	2.2408985429101e-4	4.61836316155989e-34	hv122_06	educational level during current school year
hv122_07_3	1	-13.1079758027256	1.00782129906051	2.4704e-33	2.19230272503035e-4	1.42798674033149e-32	hv122_07	educational level during current school year
hv122_09_2	1	-14.3332857390953	0.429151917570863	1.7469e-99	0.00244389816648016	2.98399040816327e-98	hv122_09	educational level during current school year
hv122_10_2	1	-15.7458924361792	0.556249466427973	3.8008e-69	0.00676591608289334	3.51910353982301e-68	hv122_10	educational level during current school year
hv126_02_3	1	-12.3755788843301	0.498388162455615	1.4891e-94	2.96098958288527e-4	2.28274120879121e-93	hv126_02	educational level during previous school year
hv126_03_3	1	-13.1037884368853	0.403010237441346	8.2006e-135	2.77645966692552e-4	2.7677025e-133	hv126_03	educational level during previous school year
hv126_04_3	1	-13.2862911930004	0.499766050554097	3.9525e-103	7.04019538654288e-4	7.38446986607143e-102	hv126_04	educational level during previous school year
hv126_05_3	1	-13.4032409806302	0.525998732257605	1.9723e-96	4.96862702811351e-4	3.11474547169811e-95	hv126_05	educational level during previous school year
hv126_06_3	1	-12.1902628977386	0.921994841725835	7.9235e-35	2.2408985429101e-4	4.61836316155989e-34	hv126_06	educational level during previous school year
hv126_07_3	1	-8.32409521757906	1.03671688299782	7.6543e-15	4.5523326955843e-6	3.70326537572254e-14	hv126_07	educational level during previous school year
hv126_09_2	1	-15.4370713953664	0.4347940777468	1.7454e-105	0.00354768750689638	3.46184786729858e-104	hv126_09	educational level during previous school year
hv126_10_2	1	-15.7592769456233	0.563944622098484	2.6317e-68	0.00658394600006185	2.40473024017467e-67	hv126_10	educational level during previous school year
hv129_01_1	1	-14.9240425158512	0.636299926120853	3.4454e-67	0.00138062348352674	3.06135859872611e-66	hv129_01	school attendance status
hv129_01_8	1	-13.1560440292452	1.06720525106321	5.0943e-28	3.57795028639085e-4	2.78324353785901e-27	hv129_01	school attendance status
hv129_07_5	1	-14.058227267367	0.446466771567786	1.3307e-100	0.00149866604578319	2.34978037974684e-99	hv129_07	school attendance status
sh16a_01_14	1	-13.2785012152643	0.402657066160834	7.4538e-135	6.93927047628273e-4	2.53611e-133	sh16a_01	highest educational class attained
sh16a_01_19	1	-12.3049742427341	0.549355078154855	1.9608e-80	1.98228011265345e-4	2.33123522727273e-79	sh16a_01	highest educational class attained
sh16a_01_90	1	-11.9845905045012	0.495155200298934	7.3831e-90	1.03428522494342e-4	1.05454858361775e-88	sh16a_01	highest educational class attained
sh16a_02_15	1	-14.4372237533518	0.423502857968297	2.1259e-139	0.00103282671129523	7.73642739130435e-138	sh16a_02	highest educational class attained
sh16a_02_18	1	-13.3652005475244	0.427710995765305	2.1236e-125	5.4851052720406e-4	6.25863802816901e-124	sh16a_02	highest educational class attained
sh16a_02_91	1	-12.1475933518395	0.558539468438463	1.0127e-76	1.56269719555402e-4	1.08392570332481e-75	sh16a_02	highest educational class attained
sh16a_02_98	1	-13.4469557829283	0.599000687485901	2.4448e-80	8.01673669849956e-4	2.89843852691218e-79	sh16a_02	highest educational class attained
sh16a_03_13	1	-12.652525047661	0.519627276546635	1.8883e-89	1.354375982483e-4	2.68793724489796e-88	sh16a_03	highest educational class attained
sh16a_03_15	1	-13.1223325297941	0.555042050943429	7.6896e-86	3.93361358326461e-4	1.04145553398058e-84	sh16a_03	highest educational class attained
sh16a_04_13	1	-11.7871091690905	0.628483760415142	2.3694e-60	1.10261408941548e-4	1.92917101167315e-59	sh16a_04	highest educational class attained
sh16a_04_15	1	-13.5041990389391	0.629658661928458	1.3092e-73	7.4474888386511e-4	1.30763770883055e-72	sh16a_04	highest educational class attained
sh16a_04_16	1	-12.1685795942434	0.822630849921505	1.368e-41	2.6186485223012e-4	8.66124054462935e-41	sh16a_04	highest educational class attained
sh16a_04_17	1	-12.4806532059806	0.766961562164919	1.9253e-48	2.27845210099664e-4	1.33179842975207e-47	sh16a_04	highest educational class attained
sh16a_04_18	1	-12.3044688936698	0.937699712984019	3.4522e-34	1.50024539113169e-4	2.00659125e-33	sh16a_04	highest educational class attained
sh16a_05_10	1	-14.2325092800515	0.378344581008128	1.4358e-139	0.00142753544234753	5.36502053571429e-138	sh16a_05	highest educational class attained
sh16a_05_11	1	-14.4349638249833	0.490700417708072	5.8534e-106	0.00206442674534646	1.17208033492823e-104	sh16a_05	highest educational class attained
sh16a_05_13	1	-9.76961127436571	1.03561945184167	2.3065e-19	1.53151763182535e-5	1.1560122754491e-18	sh16a_05	highest educational class attained
sh16a_05_14	1	-13.4674240153527	0.580150464355269	2.0343e-78	5.26704460144356e-4	2.25226071428571e-77	sh16a_05	highest educational class attained
sh16a_05_15	1	-13.5211923036288	0.684863694255312	1.3504e-62	4.01287137441364e-4	1.12802874251497e-61	sh16a_05	highest educational class attained
sh16a_05_16	1	-13.5227009787291	0.761849288018928	1.4876e-53	5.07913590314435e-4	1.11770305206463e-52	sh16a_05	highest educational class attained
sh16a_05_17	1	-10.7044517047276	1.04139076601492	2.342e-22	2.6051184105147e-5	1.22210349127182e-21	sh16a_05	highest educational class attained
sh16a_05_91	1	-10.7886386833895	0.680000642969652	3.7405e-45	6.63866358814325e-5	2.4729845971564e-44	sh16a_05	highest educational class attained
sh16a_06_10	1	-14.5422875766044	0.568426158922004	3.5987e-83	0.00273593526210847	4.61980352760736e-82	sh16a_06	highest educational class attained
sh16a_06_11	1	-14.4925117635585	0.548059248095684	1.464e-86	0.00164169243669221	2.00223529411765e-85	sh16a_06	highest educational class attained
sh16a_06_14	1	-13.6453632467977	0.772089786612838	7.7023e-51	7.68587555426969e-4	5.49133313458262e-50	sh16a_06	highest educational class attained
sh16a_06_15	1	-12.5306956659371	0.986873780353409	8.3024e-31	3.14087447513822e-4	4.66383140939597e-30	sh16a_06	highest educational class attained
sh16a_06_16	1	-10.816879490717	1.05326000793656	6.9544e-22	3.89402755562873e-5	3.59754808405439e-21	sh16a_06	highest educational class attained
sh16a_06_98	1	-11.1161992281837	1.04565321756416	3.7368e-23	5.6123673158881e-5	1.96958539042821e-22	sh16a_06	highest educational class attained
sh16a_07_11	1	-14.2258760491046	0.614309970784975	6.6213e-66	0.00154764256758244	5.7729459375e-65	sh16a_07	highest educational class attained
sh16a_07_12	1	-14.1783087407679	0.563857700529733	1.7658e-72	0.00136449342160638	1.73471197183099e-71	sh16a_07	highest educational class attained
sh16a_07_15	1	-9.46270793108576	1.06066393335349	7.3933e-17	1.01159835842468e-5	3.62306329039813e-16	sh16a_07	highest educational class attained
sh16a_07_91	1	-9.49755611083107	1.07456953605046	1.316e-16	1.65327854441122e-5	6.43394859813084e-16	sh16a_07	highest educational class attained
sh16a_08_3	1	-16.2286141875304	0.48014169158666	4.3175e-81	0.00589693779990619	5.26785349854227e-80	sh16a_08	highest educational class attained
sh16a_08_9	1	-13.6656832508867	0.573924700048543	3.1165e-58	6.82237973530508e-4	2.48903673664122e-57	sh16a_08	highest educational class attained
sh16a_08_11	1	-14.2725727816284	0.570707234639419	3.0243e-61	0.00181276233956551	2.481705e-60	sh16a_08	highest educational class attained
sh16a_08_15	1	-10.4709038297945	1.05309050838108	6.2127e-19	2.87266532155162e-5	3.09894511323004e-18	sh16a_08	highest educational class attained
sh16a_08_18	1	-13.2485727300956	1.05500882123613	1.4713e-26	4.93008432642661e-4	7.96557632600259e-26	sh16a_08	highest educational class attained
sh16a_08_91	1	-12.6437110340281	0.879911551463361	6.2046e-32	1.9624437835486e-4	3.5376363760218e-31	sh16a_08	highest educational class attained
sh17a_01_1	1	-11.9845905045012	0.495155200298934	7.3831e-90	1.03428522494342e-4	1.05454858361775e-88	sh17a_01	highest educational level attained
sh17a_01_8	1	-12.5133037733646	0.792036477929045	5.4725e-47	2.12468028271351e-4	3.71189829821718e-46	sh17a_01	highest educational level attained
sh17a_02_0	1	-12.1475933518395	0.558539468438463	1.0127e-76	1.56269719555402e-4	1.08392570332481e-75	sh17a_02	highest educational level attained
sh17a_02_98	1	-13.4587785562554	0.601917670314197	7.0673e-80	7.96812288144544e-4	8.17034544198895e-79	sh17a_02	highest educational level attained
sh17a_04_6	1	-13.4082355954613	0.610597206174731	3.7624e-76	3.7850516250082e-4	3.98623898734177e-75	sh17a_04	highest educational level attained
sh17a_05_0	1	-10.7886386833895	0.680000642969652	3.7405e-45	6.63866358814325e-5	2.4729845971564e-44	sh17a_05	highest educational level attained
sh17a_05_5	1	-14.5191579179754	0.465612847912822	1.7033e-113	0.00144758642888465	4.19312382352941e-112	sh17a_05	highest educational level attained
sh17a_05_6	1	-10.7460166496844	0.769031721941018	5.5548e-37	4.4963986082891e-5	3.35936965317919e-36	sh17a_05	highest educational level attained
sh17a_06_5	1	-13.5632038362953	0.628503034530515	5.4592e-67	0.00112591639749571	4.79973781512605e-66	sh17a_06	highest educational level attained
sh17a_06_98	1	-11.1161992281837	1.04565321756416	3.7368e-23	5.6123673158881e-5	1.96958539042821e-22	sh17a_06	highest educational level attained
sh17a_07_0	1	-9.49755611083107	1.07456953605046	1.316e-16	1.65327854441122e-5	6.43394859813084e-16	sh17a_07	highest educational level attained
sh17a_07_5	1	-9.46270793108576	1.06066393335349	7.3933e-17	1.01159835842468e-5	3.62306329039813e-16	sh17a_07	highest educational level attained
sh17a_08_0	1	-12.6437110340281	0.879911551463361	6.2046e-32	1.9624437835486e-4	3.5376363760218e-31	sh17a_08	highest educational level attained
sh17a_08_5	1	-13.3333495145306	1.00758081674491	1.4611e-28	6.6802067220284e-4	8.07754755614267e-28	sh17a_08	highest educational level attained
sh17a_08_6	1	-13.2485727300956	1.05500882123613	1.4713e-26	4.93008432642661e-4	7.96557632600259e-26	sh17a_08	highest educational level attained
sh20_02_13	1	-12.4394586156559	0.834998808994548	3.2292e-39	2.93658107542449e-4	1.98738264705882e-38	sh20_02	class attend/attended during present school year
sh20_02_15	1	-14.9962990472349	0.604953775510584	4.8483e-79	0.0028820578783928	5.43971461126005e-78	sh20_02	class attend/attended during present school year
sh20_02_17	1	-12.5609720531569	1.04574380675703	4.5834e-28	2.05099880695281e-4	2.52056885676741e-27	sh20_02	class attend/attended during present school year
sh20_02_90	1	-14.3902382415018	0.437445303689531	4.0164e-109	0.00158095482724085	8.94076276595745e-108	sh20_02	class attend/attended during present school year
sh20_03_13	1	-13.4245920611417	0.82730676053424	3.8162e-48	3.83383164484719e-4	2.63544504950495e-47	sh20_03	class attend/attended during present school year
sh20_03_15	1	-11.7893407202525	0.824574772948284	2.6526e-39	8.87101393568512e-5	1.6349235640648e-38	sh20_03	class attend/attended during present school year
sh20_03_16	1	-13.0412915747471	0.602354006772757	1.9573e-74	2.22566564687998e-4	2.00276295843521e-73	sh20_03	class attend/attended during present school year
sh20_04_9	1	-15.0728583877104	0.341345849215198	3.6926e-171	0.00291076635531085	2.80973290909091e-169	sh20_04	class attend/attended during present school year
sh20_04_13	1	-11.7298210847878	0.899433016236848	1.7223e-33	8.08546957343781e-5	9.99698404993065e-33	sh20_04	class attend/attended during present school year
sh20_04_15	1	-13.2967512654757	0.628970931731377	1.3374e-70	4.6390717076239e-4	1.2807823798627e-69	sh20_04	class attend/attended during present school year
sh20_04_16	1	-12.8539491190988	1.14364139751401	3.5214e-26	3.85350254252792e-4	1.88936653846154e-25	sh20_04	class attend/attended during present school year
sh20_04_17	1	-12.312829942043	1.00784528713656	4.4693e-30	2.54924830206948e-4	2.49719899866489e-29	sh20_04	class attend/attended during present school year
sh20_05_10	1	-14.1142451623391	0.419663194282494	1.022e-120	0.00143332576229849	2.72424840764331e-119	sh20_05	class attend/attended during present school year
sh20_05_11	1	-14.3289109098636	0.496528928882888	2.4042e-101	0.00193648062967833	4.31827339055794e-100	sh20_05	class attend/attended during present school year
sh20_05_12	1	-14.1888553892843	0.692347385865313	4.936e-65	0.00126618912022813	4.28571784232365e-64	sh20_05	class attend/attended during present school year
sh20_05_14	1	-13.424252976531	0.604454983722687	1.2332e-72	5.16291761683219e-4	1.21433929411765e-71	sh20_05	class attend/attended during present school year
sh20_05_16	1	-12.3775686454613	0.880496626133909	5.3134e-37	3.06307950614815e-4	3.21802879884226e-36	sh20_05	class attend/attended during present school year
sh20_05_91	1	-10.7247255237359	1.05497625958054	7.8579e-22	3.95210359487308e-5	4.05490893958076e-21	sh20_05	class attend/attended during present school year
sh20_06_10	1	-14.2256121446225	0.484609389050991	3.7769e-94	0.00109339248134732	5.72692989130435e-93	sh20_06	class attend/attended during present school year
sh20_06_11	1	-14.6561827152852	0.618594912579911	2.8842e-73	0.00295108691132973	2.87389928571429e-72	sh20_06	class attend/attended during present school year
sh20_06_12	1	-14.711625147182	0.772831173556183	4.2979e-55	0.00145502856148294	3.29426950549451e-54	sh20_06	class attend/attended during present school year
sh20_06_15	1	-13.5363972942671	1.0184034836172	1.3368e-32	5.11881824962535e-4	7.65322571819426e-32	sh20_06	class attend/attended during present school year
sh20_06_16	1	-10.7935322682315	1.05985594694033	2.2793e-21	4.30985612246415e-5	1.17185141277641e-20	sh20_06	class attend/attended during present school year
sh20_06_90	1	-15.4236607035889	0.413328609603106	1.2435e-120	0.00384367635656879	3.2729858490566e-119	sh20_06	class attend/attended during present school year
sh20_06_91	1	-12.7835771580582	0.996235310616871	7.2013e-31	4.34589241414485e-4	4.05073125e-30	sh20_06	class attend/attended during present school year
sh20_07_3	1	-16.1486015637064	0.470363347895302	1.4118e-94	0.00657703354255945	2.17219963235294e-93	sh20_07	class attend/attended during present school year
sh20_07_10	1	-14.0389100829634	0.70682629949899	1.4043e-52	0.00108938059078045	1.02744676573427e-51	sh20_07	class attend/attended during present school year
sh20_07_11	1	-12.8889179674691	0.771039822648085	4.0381e-42	3.90971949362662e-4	2.56830524316109e-41	sh20_07	class attend/attended during present school year
sh20_07_12	1	-15.0359532722356	0.652944410291835	1.0443e-62	0.00170220105168939	8.7935523138833e-62	sh20_07	class attend/attended during present school year
sh20_07_15	1	-9.36334545064997	1.08843007136698	1.0293e-15	1.08699349132824e-5	4.99723955916473e-15	sh20_07	class attend/attended during present school year
sh20_07_91	1	-10.3982217141591	1.10624974071793	4.5335e-18	1.77661597833279e-5	2.24794994075829e-17	sh20_07	class attend/attended during present school year
sh20a_02_1	1	-14.3902382415018	0.437445303689531	4.0164e-109	0.00158095482724085	8.94076276595745e-108	sh20a_02	level attend/attended during present school year
sh20a_02_6	1	-12.5609720531569	1.04574380675703	4.5834e-28	2.05099880695281e-4	2.52056885676741e-27	sh20a_02	level attend/attended during present school year
sh20a_03_6	1	-11.3296349400118	1.0219618291943	9.1475e-26	7.31284581014791e-5	4.88918103448276e-25	sh20a_03	level attend/attended during present school year
sh20a_04_6	1	-12.312829942043	1.00784528713656	4.4693e-30	2.54924830206948e-4	2.49719899866489e-29	sh20a_04	level attend/attended during present school year
sh20a_05_0	1	-10.7247255237359	1.05497625958054	7.8579e-22	3.95210359487308e-5	4.05490893958076e-21	sh20a_05	level attend/attended during present school year
sh20a_05_4	1	-15.2761339501709	0.440179593255598	6.7104e-125	0.00476940214097155	1.92349479452055e-123	sh20a_05	level attend/attended during present school year
sh20a_05_5	1	-14.4295846524057	0.571385595783081	5.5293e-86	0.00106322577595563	7.51302613636364e-85	sh20a_05	level attend/attended during present school year
sh20a_06_0	1	-12.7835771580582	0.996235310616871	7.2013e-31	4.34589241414485e-4	4.05073125e-30	sh20a_06	level attend/attended during present school year
sh20a_06_1	1	-15.4236607035889	0.413328609603106	1.2435e-120	0.00384367635656879	3.2729858490566e-119	sh20a_06	level attend/attended during present school year
sh20a_06_4	1	-15.6114169961295	0.508193875932048	6.2236e-99	0.00564697438770045	1.04934253012048e-97	sh20a_06	level attend/attended during present school year
sh20a_06_5	1	-13.4301654945439	0.951493360912235	9.6611e-36	5.55322250953783e-4	5.72687018413598e-35	sh20a_06	level attend/attended during present school year
sh20a_07_0	1	-10.3982217141591	1.10624974071793	4.5335e-18	1.77661597833279e-5	2.24794994075829e-17	sh20a_07	level attend/attended during present school year
sh20a_07_4	1	-15.0652604818905	0.536675957819359	9.0051e-78	0.00325461875027488	9.89142874015748e-77	sh20a_07	level attend/attended during present school year
sh20a_07_5	1	-13.154418797160501	1.06570755765998	1.9832e-27	5.25174370546555e-4	1.0806890625e-26	sh20a_07	level attend/attended during present school year
sh23_02_13	1	-12.2080282946108	0.772435899121134	9.5941e-44	1.86097276051012e-4	6.18664229583975e-43	sh23_02	class attended last year
sh23_02_14	1	-13.7020134232284	0.766462069927543	1.6605e-52	0.00114163015167212	1.21066071428571e-51	sh23_02	class attended last year
sh23_02_15	1	-13.9273186085551	0.701534695230314	6.0108e-61	9.07801378008388e-4	4.92273933463796e-60	sh23_02	class attended last year
sh23_02_16	1	-11.4608397045792	1.04122375148491	1.0834e-24	1.62163918257852e-4	5.75384390862944e-24	sh23_02	class attended last year
sh23_03_11	1	-14.8742521774346	0.332896058257882	2.4016e-180	0.00158220638224416	2.39302285714286e-178	sh23_03	class attended last year
sh23_03_12	1	-13.9063504462042	0.37561943114524	5.3885e-148	0.00103411158647226	2.3990289893617e-146	sh23_03	class attended last year
sh23_03_13	1	-11.3629743223758	0.558689145073018	3.9831e-68	7.33721626767769e-5	3.63165e-67	sh23_03	class attended last year
sh23_03_14	1	-11.4708133827989	0.708135001963163	4.2989e-48	7.90815976366988e-5	2.95902902960526e-47	sh23_03	class attended last year
sh23_03_15	1	-12.8959751066686	0.5771124538382	4.5387e-78	2.04521816009495e-4	4.99854197368421e-77	sh23_03	class attended last year
sh23_03_16	1	-11.8989823805865	0.772454714547093	2.1547e-44	8.30714618860195e-5	1.41117676056338e-43	sh23_03	class attended last year
sh23_04_8	1	-14.9825272834863	0.329267200277096	5.5702e-179	0.00316674903888692	5.42122953488372e-177	sh23_04	class attended last year
sh23_04_13	1	-12.2375042918641	0.677021968589789	1.8775e-56	2.18600968874494e-4	1.46047165427509e-55	sh23_04	class attended last year
sh23_04_14	1	-13.196649090664	0.621632250293667	1.3597e-71	4.23422251543903e-4	1.32026554524362e-70	sh23_04	class attended last year
sh23_04_15	1	-13.4065048160802	0.982942647828173	3.4723e-36	4.20202154961302e-4	2.06708044096728e-35	sh23_04	class attended last year
sh23_04_16	1	-12.1822829548146	0.972628661595239	1.8602e-31	2.38017102663801e-4	1.05630081411126e-30	sh23_04	class attended last year
sh23_05_9	1	-14.215543491232	0.405187460414999	5.9266e-126	0.00159298240865169	1.77163007142857e-124	sh23_05	class attended last year
sh23_05_10	1	-14.3546613734441	0.491694612533913	1.8594e-102	0.00188437393118068	3.44318097345133e-101	sh23_05	class attended last year
sh23_05_11	1	-14.2492533801173	0.604593071988889	1.9092e-78	0.00167326016208713	2.11936392572944e-77	sh23_05	class attended last year
sh23_05_12	1	-13.4001786083716	0.724998026575533	5.0925e-56	4.57235939420264e-4	3.93212407749077e-55	sh23_05	class attended last year
sh23_05_15	1	-13.5361378601626	0.709978363615414	1.3719e-58	4.99921623470456e-4	1.09988534482759e-57	sh23_05	class attended last year
sh23_05_16	1	-12.5056387057243	1.04565941239519	1.6453e-28	3.63220093985706e-4	9.08387928759895e-28	sh23_05	class attended last year
sh23_06_9	1	-13.9944811708267	0.487077606532436	2.4276e-91	7.02218212813022e-4	3.5154e-90	sh23_06	class attended last year
sh23_06_10	1	-15.4978300395961	0.588717611960552	1.1241e-82	0.00321459679329117	1.42125634441088e-81	sh23_06	class attended last year
sh23_06_11	1	-13.7386575007524	1.03761338981505	2.5541e-32	9.74143876359412e-4	1.46023340163934e-31	sh23_06	class attended last year
sh23_06_12	1	-13.3669979159457	0.675681247067939	8.7926e-58	4.89649718787954e-4	6.95596049149338e-57	sh23_06	class attended last year
sh23_06_14	1	-13.5014348229529	1.04524822347545	4.1677e-31	4.93059679578245e-4	2.35700331081081e-30	sh23_06	class attended last year
sh23_06_15	1	-9.7319926080982	1.0475298021033	2.2509e-18	2.01312071641535e-5	1.11876680522565e-17	sh23_06	class attended last year
sh23_06_16	1	-10.6995928270584	1.05644805565255	3.8513000000000004e-21	4.32066869148207e-5	1.97520716911765e-20	sh23_06	class attended last year
sh23_07_10	1	-13.9963723062966	0.643863099510185	3.6058e-58	6.64539172840817e-4	2.87433771428571e-57	sh23_07	class attended last year
sh23_07_11	1	-15.0943857863308	0.644051733842038	1.9633e-63	0.00171744051593969	1.66661470588235e-62	sh23_07	class attended last year
sh23_07_12	1	-14.1882052232782	0.73125045103292	1.0522e-50	0.0010006855621032	7.48887244897959e-50	sh23_07	class attended last year
sh23_07_14	1	-9.39055007728361	1.07693414076747	5.1525e-16	1.12751364688135e-5	2.51026920838184e-15	sh23_07	class attended last year
sh23_07_91	1	-11.5077175883445	0.915804589456227	4.8305e-28	9.10009930064071e-5	2.64256764705882e-27	sh23_07	class attended last year
sh23a_02_5	1	-14.7733291407843	0.531980400569404	4.6736e-94	0.00222895209197838	7.06101660649819e-93	sh23a_02	level attended last year
sh23a_03_5	1	-13.7775010553876	0.42669677119939	1.9957e-126	3.67792233119668e-4	6.14117977941176e-125	sh23a_03	level attended last year
sh23a_04_5	1	-14.2747228476747	0.621750741737573	5.7721e-80	0.00108971642528033	6.69147880886427e-79	sh23a_04	level attended last year
sh23a_05_4	1	-15.3799626169821	0.443318035610171	1.8838e-124	0.00430032832893024	5.32682635135135e-123	sh23a_05	level attended last year
sh23a_05_5	1	-14.5353654323164	0.578169603806589	2.7884e-85	0.00111808627785204	3.70458857142857e-84	sh23a_05	level attended last year
sh23a_06_4	1	-15.5665331638856	0.530098805112054	1.4264e-93	0.00477035912549839	2.13195857142857e-92	sh23a_06	level attended last year
sh23a_06_5	1	-13.3370559631252	0.94135886793304	7.7295e-36	5.56946672202852e-4	4.58836276595745e-35	sh23a_06	level attended last year
sh23a_07_0	1	-11.5077175883445	0.915804589456227	4.8305e-28	9.10009930064071e-5	2.64256764705882e-27	sh23a_07	level attended last year
sh23a_07_4	1	-15.1523304550351	0.506475269479875	4.2467e-82	0.00346672403752679	5.30520582089552e-81	sh23a_07	level attended last year
sh23a_07_5	1	-9.39055007728361	1.07693414076747	5.1525e-16	1.12751364688135e-5	2.51026920838184e-15	sh23a_07	level attended last year
sh24_02_0	1	13.7716014023296	0.551424651094517	1.2943e-82	0.00159748042803276	1.62662027027027e-81	sh24_02	have any physical or mental disability
sh24_02_1	1	-13.7716014018796	0.55142464851362	1.2943e-82	0.00159748042803287	1.62662027027027e-81	sh24_02	have any physical or mental disability
sh24_06_0	1	13.2001505777527	0.741413129702565	4.9561e-56	3.59110279336106e-4	3.83387772643253e-55	sh24_06	have any physical or mental disability
sh24_06_1	1	-13.2001505776837	0.741413132515914	4.9561e-56	3.59110279336439e-4	3.83387772643253e-55	sh24_06	have any physical or mental disability
sh24_07_0	1	12.8129850153893	0.555501595357275	4.3404e-79	2.38651220558883e-4	4.88295e-78	sh24_07	have any physical or mental disability
sh24_07_1	1	-12.8129850146812	0.555501588734873	4.3404e-79	2.38651220558994e-4	4.88295e-78	sh24_07	have any physical or mental disability
sh24_09_0	1	13.0636518758729	0.75937713086175	5.2973e-45	4.70509285838361e-4	3.49121267716535e-44	sh24_09	have any physical or mental disability
sh24_09_1	1	-13.0636518772235	0.759377137517186	5.2973e-45	4.70509285838472e-4	3.49121267716535e-44	sh24_09	have any physical or mental disability
ha33_1_2	1	-10.9915817095889	0.576893229031451	7.7827e-64	7.92204202242353e-5	6.6335233197556e-63	ha33_1	completeness of ha32 information
ha35_3_0	1	10.8236265390232	1.06228503981559	5.9112e-20	6.55641897820969e-5	2.97694007220217e-19	ha35_3	smoking (cigarettes in last 24 hours)
ha35_3_94	1	-10.8236265383924	1.06228503802955	5.9112e-20	6.55641897822079e-5	2.97694007220217e-19	ha35_3	smoking (cigarettes in last 24 hours)
ha61_1_4	1	-14.5092900279049	0.284665620086894	7.3792e-222	0.00135147073295194	1.930122e-219	ha61_1	read consent statement - hiv
ha61_2_1	1	15.1911154218184	0.327046105154232	9.4516e-172	0.0018010866502215	7.32499e-170	ha61_2	read consent statement - hiv
ha61_2_3	1	-11.6823967999519	0.519824844811617	4.7086e-75	9.70632954523376e-5	4.8897e-74	ha61_2	read consent statement - hiv
ha61_2_4	1	-14.2544876648769	0.339593773760308	5.9129e-156	0.0016718719339659	3.25598506578947e-154	ha61_2	read consent statement - hiv
ha61_3_3	1	-11.1262007560747	1.05449167626813	4.3752e-21	7.79027117430164e-5	2.23567912087912e-20	ha61_3	read consent statement - hiv
ha63_1_1	1	14.507347848278	0.30137941463235	9.7693e-210	0.00196764736403321	1.85838729545455e-207	ha63_1	result of measurement - hiv
ha63_1_2	1	-14.5419464967525	0.301997027814512	8.3118e-210	0.00157509098197062	1.656423e-207	ha63_1	result of measurement - hiv
ha63_2_2	1	-14.2260249819113	0.334176009282866	4.0844e-158	0.00172520690575328	2.40749492957746e-156	ha63_2	result of measurement - hiv
ha63_2_3	1	-11.7294159423101	0.490326260672659	1.2582e-81	1.32104254951471e-4	1.54415454545455e-80	ha63_2	result of measurement - hiv
ha63_3_3	1	-11.1262007560747	1.05449167626813	4.3752e-21	7.79027117430164e-5	2.23567912087912e-20	ha63_3	result of measurement - hiv
ha63_3_4	1	-9.91022579798133	1.05539024398164	1.1573e-17	1.3174853205955e-5	5.684625e-17	ha63_3	result of measurement - hiv
ha64_2_1	1	11.6987288960129	0.773254194274672	8.1509e-42	7.44107669751193e-5	5.17625440060698e-41	ha64_2	consent for additional tests
ha64_2_3	1	-10.6209718425916	1.03888422764599	4.0217e-22	2.73163254298492e-5	2.08560278810409e-21	ha64_2	consent for additional tests
ha64_3_1	1	14.2197908928482	1.0437155479084	2.0793e-30	0.00118519615075519	1.16490903614458e-29	ha64_3	consent for additional tests
ha65_1_1	1	14.5568902495688	0.298282999655251	1.2691e-212	0.00188656819028532	2.65559175e-210	ha65_1	result of woman's individual interview
ha65_1_2	1	-14.6259652281234	0.317454525192682	1.2211e-200	0.00155505219334429	1.892705e-198	ha65_1	result of woman's individual interview
ha65_1_5	1	-10.9519216592773	0.595255729090651	1.8953e-60	4.27857395193243e-5	1.54616578947368e-59	ha65_1	result of woman's individual interview
ha65_1_6	1	-12.4700784890658	0.66721712410656	5.9639e-62	1.4760589622087e-4	4.95216696428571e-61	ha65_1	result of woman's individual interview
ha65_2_2	1	-14.3293569200112	0.386067613712134	1.2859e-137	0.00130295811649006	4.48457625e-136	ha65_2	result of woman's individual interview
ha65_2_4	1	-11.5438927617432	1.02105348571974	3.4139e-26	1.08621920276608e-4	1.83403998716303e-25	ha65_2	result of woman's individual interview
ha65_3_5	1	-13.6393206940448	0.768990068627917	2.4088e-43	0.0013464832299056	1.54851428571429e-42	ha65_3	result of woman's individual interview
hb33_2_3	1	-12.9338535835819	0.463578295926574	6.2613e-88	2.39787238337508e-4	8.79313439597315e-87	hb33_2	completeness of hb32 information
hb33_3_1	1	15.6742444970488	0.585953735577155	8.2284e-56	0.0036511671908166	6.34177790055249e-55	hb33_3	completeness of hb32 information
hb33_3_2	1	-11.8978310999945	1.09624423272446	4.0651e-20	5.07590764804444e-5	2.05216447527141e-19	hb33_3	completeness of hb32 information
hb33_3_3	1	-13.1487316287535	0.84688458752886	7.9196e-32	2.07598340214665e-4	4.50932326530612e-31	hb33_3	completeness of hb32 information
hb33_3_6	1	-15.723747217958	0.601700289655455	1.1617e-54	0.00335587362392886	8.85558196721312e-54	hb33_3	completeness of hb32 information
hb61_2_2	1	-11.9849287319116	1.04322383423216	7.8387e-26	5.42806531826923e-5	4.20037893725992e-25	hb61_2	read consent statement - hiv
hb61_2_3	1	-14.1481952943809	0.552899515699782	1.3799e-79	4.33149727944948e-4	1.57353719346049e-78	hb61_2	read consent statement - hiv
hb61_3_1	1	16.7852764622836	0.529101399741101	1.918e-64	0.00557350029995463	1.65161111111111e-63	hb61_3	read consent statement - hiv
hb61_3_2	1	-10.8954236853746	1.09624755651915	8.3519e-18	2.5010889514343e-5	4.11208252941176e-17	hb61_3	read consent statement - hiv
hb61_3_3	1	-13.0384992729539	0.847269854059733	1.708e-31	1.68978894118821e-4	9.71192934782609e-31	hb61_3	read consent statement - hiv
hb61_3_4	1	-16.8159740625531	0.535277749224126	6.1412e-64	0.0053340219159641	5.24508612244898e-63	hb61_3	read consent statement - hiv
hb63_2_3	1	-14.1317629808503	0.52288942456952	8.293e-85	4.88627206243986e-4	1.08456890625e-83	hb63_2	result of measurement - hiv
hb63_2_4	1	-9.70965787906768	1.04269568483824	2.0213e-18	1.04423747734339e-5	1.00584310344828e-17	hb63_2	result of measurement - hiv
hb63_3_1	1	16.7852764622836	0.529101399741101	1.918e-64	0.00557350029995463	1.65161111111111e-63	hb63_3	result of measurement - hiv
hb63_3_2	1	-16.8159740625531	0.535277749224126	6.1412e-64	0.0053340219159641	5.24508612244898e-63	hb63_3	result of measurement - hiv
hb63_3_3	1	-13.0197866600767	0.780832610095332	1.3777e-34	1.94155902128457e-4	8.01901877607789e-34	hb63_3	result of measurement - hiv
hb64_1_1	1	11.4926669574518	0.47144424066048	1.8559e-90	6.34266325622024e-5	2.66905206185567e-89	hb64_1	consent for additional tests
hb64_1_3	1	-11.4946082818803	0.511714436897934	1.6144e-80	5.28529047263415e-5	1.94145517241379e-79	hb64_1	consent for additional tests
hb64_2_1	1	12.2401376299132	0.794069835562395	4.2031e-40	1.1479349829302e-4	2.62536917910448e-39	hb64_2	consent for additional tests
hb64_2_2	1	-12.2401376299568	0.794069835758497	4.2031e-40	1.1479349829302e-4	2.62536917910448e-39	hb64_2	consent for additional tests
hb65_1_6	1	-11.8061902061809	0.630663841426295	1.6005e-61	6.55714955551945e-5	1.32373369565217e-60	hb65_1	result of man's individual interview
hb65_2_6	1	-12.3704672910004	0.802145734292468	1.4441e-40	1.11008142135161e-4	9.10174472891566e-40	hb65_2	result of man's individual interview
hb65_3_1	1	15.7347012678807	0.612135416741613	7.4413e-54	0.00321470695837378	5.63849431407942e-53	hb65_3	result of man's individual interview
hb65_3_2	1	-15.78204644145	0.670976827707347	1.3577e-49	0.00254300042650435	9.51754522613065e-49	hb65_3	result of man's individual interview
hb65_3_5	1	-13.5011429708253	0.891923573217942	7.035e-31	4.78191654845639e-4	3.96785377358491e-30	hb65_3	result of man's individual interview
hb65_3_6	1	-12.1061316627726	0.896361868111264	7.8029e-27	1.26749465752751e-4	4.24092681818182e-26	hb65_3	result of man's individual interview
hb66_3_3	1	-15.5875527445846	0.621955926897828	1.2601e-52	0.00225730679338165	9.25178684210526e-52	hb66_3	man's highest educational level
hb68_3_3	1	-15.5875527445846	0.621955926897828	1.2601e-52	0.00225730679338165	9.25178684210526e-52	hb68_3	man's highest educational level (for preliminary and final report)
hml8_2_8	1	-13.8124458563359	0.605056884313599	2.5839e-67	5.38014099369599e-4	2.30077053191489e-66	hml8_2	net treated since receiving
hml22_2_3	1	-14.0873855736682	0.555415095693548	2.6303e-76	0.00109464972617523	2.80811364795918e-75	hml22_2	obtained net from campaign, antenatal or immunization visit
hml23_1_98	1	-10.9035970047351	1.07009114527436	2.1738e-20	6.32172149832577e-5	1.09871413043478e-19	hml23_1	place where net was obtained
hml12_02_2	1	-10.7797480055281	0.584606425497371	1.1702e-60	6.33059963817129e-5	9.565013671875e-60	hml12_02	type of mosquito bed net(s) person slept under last night
hml17_01_6	1	-9.82205361844762	0.846673505826933	2.9825e-28	1.35921002708539e-5	1.64450098814229e-27	hml17_01	flag for age from individual file
hml17_05_6	1	-9.68705529339817	1.0210615620966	6.2136e-20	1.03210848334534e-5	3.12547067307692e-19	hml17_05	flag for age from individual file
hml17_07_3	1	-11.5320424616112	0.534073691294953	1.0281e-72	1.08966771526386e-4	1.01716276595745e-71	hml17_07	flag for age from individual file
hml17_07_6	1	-11.8756781012011	0.749863357747951	9.8342e-46	1.30233044229211e-4	6.59553317307692e-45	hml17_07	flag for age from individual file
hml17_08_2	1	-10.57197171339	1.03805868628603	1.081e-21	2.63543110506914e-5	5.57141009852217e-21	hml17_08	flag for age from individual file
hml17_08_3	1	-12.9524328225339	0.554711987108878	2.3137e-75	3.64552737825652e-4	2.42677556390977e-74	hml17_08	flag for age from individual file
hml17_09_3	1	-14.4429507043291	0.600019478834893	4.7335e-70	0.00121431451304299	4.48183201357466e-69	hml17_09	flag for age from individual file
hml17_10_3	1	-12.7318549399977	1.05325405643368	3.6053e-25	4.44667832924295e-4	1.92206121019108e-24	hml17_10	flag for age from individual file
sh64_04_0	1	15.3808802863674	0.392971323988721	6.4609e-112	0.00300938819772012	1.52761957627119e-110	sh64_04	during last 7 days, did  some type of business deal on their own, alone or with 
sh64_04_1	1	-15.3808802865705	0.392971313111461	6.4608000000000005e-112	0.00300938819772023	1.52761957627119e-110	sh64_04	during last 7 days, did  some type of business deal on their own, alone or with 
sh64_05_0	1	14.8555218857455	0.899145756304014	2.4612e-36	0.00121625964217476	1.47355107296137e-35	sh64_05	during last 7 days, did  some type of business deal on their own, alone or with 
sh64_05_1	1	-14.8555218843603	0.899145735536598	2.4612e-36	0.00121625964217476	1.47355107296137e-35	sh64_05	during last 7 days, did  some type of business deal on their own, alone or with 
sh67_03_0	1	14.9823217645364	0.541624041055221	4.4033e-87	0.00164714690860779	6.04190508196721e-86	sh67_03	has a job for which will work again
sh67_03_1	1	-14.9823217638695	0.541624031111978	4.4033e-87	0.00164714690860768	6.04190508196721e-86	sh67_03	has a job for which will work again
sh67_04_0	1	13.07265919139	0.807296394583314	2.3478e-39	3.40545008629234e-4	1.45348269230769e-38	sh67_04	has a job for which will work again
sh67_04_1	1	-13.0726591897881	0.807296389132725	2.3478e-39	3.40545008629012e-4	1.45348269230769e-38	sh67_04	has a job for which will work again
sh72_01_2	1	-1.36937118558076	0.467872494282616	0.00355454893820941	0.00237172352957338	0.0149957533330709	sh72_01	type of earning
hiv06_0	1	-29.6612337817049	0.744331734959432	8.1193e-172	0.218216483128027	6.41142e-170	hiv06	assay 1 result
hiv06_1	1	29.661233780383	0.744331802267878	8.1196e-172	0.218216483128027	6.41142e-170	hiv06	assay 1 result
