var	concordance	Estimate	SE	P.Val	Nag.R2	FDR	varOrig	varlabel
mv010	1	-0.0840639996438821	0.0137266918355594	2.47675e-9	0.030928061134321	9.60106767411301e-9	mv010	year of birth
hb32	1	-0.0069627227577713	0.00113706137182537	2.486456e-9	0.0308564155857057	9.62604356955381e-9	hb32	date of birth (cmc)
hb1	1	0.0831475047014675	0.0136392209870008	2.900371e-9	0.0306867636176275	1.11990765052356e-8	hb1	man's age in years
hml16	1	0.0831475047014675	0.0136392209870008	2.900371e-9	0.0306867636176275	1.11990765052356e-8	hml16	corrected age from individual file
mv012	1	0.0830727022148507	0.0136553774405392	3.115607e-9	0.0306358938950601	1.20144322222222e-8	mv012	current age
hv105	1	0.0831857513812289	0.0137701811700837	3.956598e-9	0.0305513152462399	1.52176846153846e-8	hv105	age of household members
v605_8	1	-16.7280794807973	0.205059847559299	1.947147e-224	0.0176359362290712	8.20583378571429e-222	v605	desire for more children
hb56	1	-0.0348925462493471	0.0079128414922273	1.38877409301792e-5	0.0175951812354198	5.29313123307863e-5	hb56	hemoglobin level adjusted for altitude and smoking (g/dl - 1 decimal)
hb53	1	-0.0346074631062425	0.00795861255006605	1.81151983447688e-5	0.017526925632105	6.89546259575071e-5	hb53	hemoglobin level (g/dl - 1 decimal)
hv101_1	1	1.89783906552526	0.464228075104683	5.41074214529962e-5	0.017447184064998	2.04113674279206e-4	hv101	relationship to head
v150_1	1	1.89783906552526	0.464228075104683	5.41074214529962e-5	0.017447184064998	2.04113674279206e-4	v150	relationship to household head
hv117_13_1	1	-16.8272624436185	0.56147107971838806	2.257772e-52	0.01702391936134	1.78563737265416e-51	hv117_13	eligibility for female interview
hv117_13_0	1	16.827262486022	0.561471068738914	2.257767e-52	0.0170239193613398	1.78563737265416e-51	hv117_13	eligibility for female interview
ha50_02_2	1	16.6087352926092	0.309578433157745	1.08504e-145	0.0146162460539405	4.70715882352941e-144	ha50_02	under age 18
ha50_02_1	1	-16.6087352924497	0.309578431620904	1.085038e-145	0.0146162460539403	4.70715882352941e-144	ha50_02	under age 18
hv115_0	1	-1.62159200357551	0.400933419486555	6.46813825126427e-5	0.014495236345009	2.42452450333286e-4	hv115	current marital status
hv116_0	1	-1.62159200357551	0.400933419486555	6.46813825126427e-5	0.014495236345009	2.42452450333286e-4	hv116	currently, formerly, never married
hb56_1	1	-0.0302943794188956	0.00747871800468154	6.32558977712661e-5	0.0143569174948466	2.38016452073004e-4	hb56	hemoglobin level adjusted for altitude and smoking (g/dl - 1 decimal)
mv034b_1	1	0.0586564240112858	0.0187690913621944	0.00193385875610787	0.014344470630243	0.00684859943639642	mv034b	NA
v501_0	1	-1.66911842139804	0.418929858795031	8.25713903942003e-5	0.0141681228981524	3.0794639906813e-4	v501	current marital status
v502_0	1	-1.66911842139804	0.418929858795031	8.25713903942003e-5	0.0141681228981524	3.0794639906813e-4	v502	currently/formerly/never in union
v513_0	1	-1.66911842139804	0.418929858795031	8.25713903942003e-5	0.0141681228981524	3.0794639906813e-4	v513	cohabitation duration (grouped)
v509	1	-0.00442492629846459	0.00129122593042772	6.86498658950298e-4	0.0132843066949655	0.00248792511536042	v509	date of first cohabitation (cmc)
v512	1	0.0524182359999806	0.0153002378324214	6.88805908618657e-4	0.0129211892358704	0.00249322384101232	v512	years since first cohabitation
v508	1	-0.052497916099304	0.0155305919334615	8.0959425590055e-4	0.0129194552681166	0.00291968588619392	v508	year of first cohabitation
hb57_1_4	1	-1.31262641068437	0.333707256512259	1.01460444758469e-4	0.012202510696397	3.76962609618997e-4	hb57_1	anemia level
hb1_1	1	0.0550620610972013	0.0136124456299016	6.45661951821598e-5	0.01140928152286	2.42452450333286e-4	hb1	man's age in years
hb32_1	1	-0.00457198620831896	0.00112600919257429	6.06415859267746e-5	0.011349463285414	2.28470853747107e-4	hb32	date of birth (cmc)
hv101_13_3	1	-16.4514555709194	0.507251710654339	1.530727e-55	0.011337061453818	1.31268739825581e-54	hv101_13	relationship to head
v834a	1	0.0560080043680204	0.0162719467275624	6.48604941455775e-4	0.0112121422925464	0.00235348656493793	v834a	age of most recent partner
v531	1	0.102194938871212	0.0247830393113654	4.67820210985234e-5	0.0108923011633708	1.77159129962316e-4	v531	age at first sex (imputed)
v525	1	0.101828014061317	0.0246653054437056	4.58309365842345e-5	0.0107159561219075	1.7378054360346e-4	v525	age at first sex
hv106_12_2	1	-16.6329695228478	0.542096715177825	3.391135e-62	0.0101773191304013	3.32353762458472e-61	hv106_12	highest educational level attained
v535_0	1	-1.92848540353806	0.764467191293295	0.0121558236557085	0.00993785867482133	0.0404280493622774	v535	ever been married or in union
hv115_1	1	1.22894377318526	0.369331590622383	9.70526786163845e-4	0.00985009514255963	0.00348303408659774	hv115	current marital status
hv116_1	1	1.22894377318526	0.369331590622383	9.70526786163845e-4	0.00985009514255963	0.00348303408659774	hv116	currently, formerly, never married
v502_3	1	1.23470562890868	0.405700704073949	0.0025182973299362	0.00971951652688763	0.00889697859079256	v502	currently/formerly/never in union
hv121_0	1	16.443851290785	0.188750357497528	1.872782e-237	0.00956316170051608	1.10494138e-234	hv121	member attended school during current school year
hv122_0	1	16.443851290785	0.188750357497528	1.872782e-237	0.00956316170051608	1.10494138e-234	hv122	educational level during current school year
hv121_2	1	-16.4438512886759	0.188750344703908	1.87274e-237	0.00956316170051597	1.10494138e-234	hv121	member attended school during current school year
hv124	1	-10.6641944608724	1.00980280480342	8.765221e-23	0.00956316129351586	3.74744955797102e-22	hv124	education in single years - current school year
hb57_1_3	1	1.23830935871048	0.333538444247689	2.39493764561275e-4	0.0094366403624212	8.83133256819701e-4	hb57_1	anemia level
v767a_97	1	-1.32664210159389	0.461153621868728	0.00426735882664181	0.00939655730282762	0.014827689680322	v767a	relationship with most recent sex partner
v602_6	1	-16.4576352541918	0.181978074110338	7.791926e-243	0.00938460826798126	1.3516833625e-239	v602	fertility preference
v013_1	1	-2.89005761617376	1.0053431972845	0.00429432579957392	0.00938363892079908	0.0148863232770189	v013	age in 5-year groups
v536_0	1	-16.4549283160431	0.182037052691299	9.163955e-243	0.00934046875508132	1.3516833625e-239	v536	recent sexual activity
hv109_12_3	1	-15.6374569791358	0.563984132665645	3.939495e-57	0.00927212907188268	3.51103028700906e-56	hv109_12	educational attainment
mv245	1	0.459750588875889	0.105917844377415	1.86772258639906e-5	0.0092205626701839	7.10023405912014e-5	mv245	number of women fathered children with
hc57_03_3	1	-16.2411932056098	0.655727230796845	5.856847e-42	0.0082331674328554	3.67610609574468e-41	hc57_03	anemia level
hb63_4_1	1	16.4429064707477	0.479113010919498	2.931437e-62	0.00812821905060324	2.88257971666667e-61	hb63_4	result of measurement - hiv
hv122_2	1	-16.4244454760268	0.198049807965234	2.183607e-230	0.00793106951235989	1.073606775e-227	hv122	educational level during current school year
hml7_4_13	1	-15.5594216940183	0.579426607029183	7.50448e-52	0.00786529990638585	5.8566708994709e-51	hml7_4	brand of net
hb55_4_0	1	16.4556628031987	0.483724305867763	7.373188e-62	0.00785648617471368	7.15490282894737e-61	hb55_4	result of measurement - hemoglobin
hv118_01_0	1	-1.879379406857	0.647754290783391	0.00395310558707806	0.00767809033440758	0.0137844698367385	hv118_01	eligibility for male interview
hv118_01_1	1	1.879379406857	0.647754290783395	0.00395310558707824	0.00767809033440758	0.0137844698367385	hv118_01	eligibility for male interview
hv122_12_2	1	-15.6877817966855	0.615472612650458	4.913923e-53	0.00756437149795641	3.97152680821918e-52	hv122_12	educational level during current school year
v218	1	0.12803903409624	0.0324502465967283	9.63677730908326e-5	0.00744484387520405	3.58492976819617e-4	v218	number of living children
v204	1	0.340490656750673	0.0941141526898922	3.41319195619274e-4	0.00708361651916056	0.00124924519488444	v204	sons elsewhere
hv101_11_12	1	-15.4648022539522	0.559398506971123	5.054979e-63	0.00696875324694557	5.02093873737374e-62	hv101_11	relationship to head
v201	1	0.105454420641891	0.02831337385972	2.28391459013331e-4	0.006849048137061	8.4415607237677e-4	v201	total children ever born
hml17_01_0	1	-1.79271391804666	0.648660329338443	0.00602049744716471	0.0067898783336845	0.020603790567443	hml17_01	flag for age from individual file
ha66_04_3	1	-15.9774005399775	0.817137178956604	2.418225e-34	0.00645337462337359	1.24716149475524e-33	ha66_04	woman's highest educational level
v203	1	0.32636867088873	0.110157203783287	0.0032600039595166	0.00645124636242367	0.0114216290743159	v203	daughters at home
sh21_12_0	1	15.5617024217989	0.757676374807684	3.31647e-38	0.0061688202651291	1.86709666030534e-37	sh21_12	has health insurance coverage
sh21_12_1	1	-15.5617024349057	0.757676373230805	3.316469e-38	0.00616882026512888	1.86709666030534e-37	sh21_12	has health insurance coverage
hc61_03_2	1	-15.6958515781627	0.633616122784718	6.856556e-46	0.00585655905863547	4.66056225806452e-45	hc61_03	mother's highest educational level
hc68_03_2	1	-15.6958515781627	0.633616122784718	6.856556e-46	0.00585655905863547	4.66056225806452e-45	hc68_03	mother's highest educational level (questionnaire configuration)
hml7_3_13	1	-16.3090416479995	0.431079673361252	4.600273e-104	0.00579036789155885	9.62468464539007e-103	hml7_3	brand of net
hb61_4_1	1	15.4344629850441	0.51734828048900094	4.054093e-55	0.00572496400359679	3.45652437861272e-54	hb61_4	read consent statement - hiv
v155_4	1	3.67360486092504	1.24069517306466	0.00327893914422916	0.00564752111191635	0.0114743422010392	v155	literacy
ha65_04_2	1	-15.7595372881116	0.75684484180936	2.220356e-36	0.0054367023815789	1.21297225925926e-35	ha65_04	result of woman's individual interview
hb52_4_3	1	-15.4194524093779	0.528607868895214	3.791104e-54	0.00535248538673005	3.1327049859944e-53	hb52_4	read consent statement - hemoglobin
hb61_4_3	1	-15.4194524093779	0.528607868895214	3.791104e-54	0.00535248538673005	3.1327049859944e-53	hb61_4	read consent statement - hiv
hb52_4_1	1	15.4194524083207	0.528607862847832	3.791099e-54	0.00535248538672983	3.1327049859944e-53	hb52_4	read consent statement - hemoglobin
hv115_3	1	2.44567512113414	0.758638330554093	0.00138556080965984	0.00533982528650445	0.00494244787000789	hv115	current marital status
hml7_4_16	1	-15.4747543795446	0.596124233607793	2.243282e-50	0.00526929692091882	1.68818415816327e-49	hml7_4	brand of net
sh716c_05_2	1	-14.7937567300027	0.692169687799508	1.35425e-40	0.00514280809853118	8.05451108870968e-40	sh716c_05	consent for counseling and further testing (women)
v013_7	1	1.15120124348548	0.434518363128485	0.00843404652542769	0.0050462550591801	0.0285326115252428	v013	age in 5-year groups
hml32a_10_0	1	15.2867980723121	0.607533888701196	4.019114e-50	0.00472294696683251	2.98649528967254e-49	hml32a_10	presence of species: falciparum (pf)
hml32a_10_1	1	-15.2867980731996	0.607533886587184	4.019113e-50	0.00472294696683218	2.98649528967254e-49	hml32a_10	presence of species: falciparum (pf)
hv102_13_0	1	-15.5407413573535	0.712706368747067	3.455689e-40	0.00424194946046719	2.03073357569721e-39	hv102_13	usual resident
hv102_13_1	1	15.5407413638134	0.71270637044719	3.455689e-40	0.00424194946046696	2.03073357569721e-39	hv102_13	usual resident
hml32a_04_0	1	15.2090516528532	0.396632543710631	2.532329e-108	0.00381928238676899	5.7025729389313e-107	hml32a_04	presence of species: falciparum (pf)
hml32a_04_1	1	-15.2090516530956	0.396632542799023	2.532328e-108	0.00381928238676899	5.7025729389313e-107	hml32a_04	presence of species: falciparum (pf)
hv101_12_11	1	-14.7623628331155	0.883019366506966	1.36065e-34	0.00379073288401965	7.04196052631579e-34	hv101_12	relationship to head
hb55_4_4	1	-15.3552155015609	0.528159157845045	7.961988e-55	0.00368727758625265	6.74938637931035e-54	hb55_4	result of measurement - hemoglobin
hb63_4_3	1	-15.3552155015609	0.528159157845045	7.961988e-55	0.00368727758625265	6.74938637931035e-54	hb63_4	result of measurement - hiv
sm302c1_8	1	-15.0657883688646	0.455508413872092	9.510783e-88	0.00364007871028138	1.50843063709677e-86	sm302c1	heard about family planning on local radio: espace santã©
hb55_4_3	1	-15.450554330205	0.57364421111377	1.709752e-51	0.00360254941306382	1.32035821989529e-50	hb55_4	result of measurement - hemoglobin
hb63_4_2	1	-15.450554330205	0.57364421111377	1.709752e-51	0.00360254941306382	1.32035821989529e-50	hb63_4	result of measurement - hiv
sh17a_07_3	1	-15.3638061831589	0.520104607209569	2.451066e-73	0.00341177953142369	3.11665719827586e-72	sh17a_07	highest education level
ha66_03_3	1	-14.6366397375902	0.54951193982977	1.451672e-62	0.00332970421619794	1.43225163879599e-61	ha66_03	woman's highest educational level
sh17a_08_3	1	-15.4628432075131	0.537468180914219	4.847824e-68	0.00331172538000168	5.35621003745318e-67	sh17a_08	highest education level
ha65_03_2	1	-15.3490797961575	0.52154843563858	1.26763e-68	0.00330340728510792	1.41648049242424e-67	ha65_03	result of woman's individual interview
hv215_22	1	-4.57405947188826	1.03519798347274	1.33122841642009e-5	0.00329652544100945	5.08036717779983e-5	hv215	main roof material
hml17_13_3	1	-14.5178197735858	0.655496432357707	9.273857e-41	0.00327324068954304	5.52684407070707e-40	hml17_13	flag for age from individual file
v770m_0	1	15.8527086436959	0.752428435376395	1.473722e-38	0.00326206484159719	8.39281833976834e-38	v770m	sought sti advice/treatment from: pharmacy
v770m_1	1	-15.8527086427084	0.75242843137294	1.473721e-38	0.00326206484159708	8.39281833976834e-38	v770m	sought sti advice/treatment from: pharmacy
v770k_0	1	15.875068445263	0.633543105617413	6.748153e-45	0.00325045578014871	4.52432985227273e-44	v770k	sought sti advice/treatment from: private hospital/clinic/doctor
v770k_1	1	-15.8750684408909	0.633543095144024	6.748144e-45	0.0032504557801486	4.52432985227273e-44	v770k	sought sti advice/treatment from: private hospital/clinic/doctor
sh17a_04_3	1	-15.4807734054824	0.329142351619277	8.705851e-136	0.00320505130721083	3.13198298170732e-134	sh17a_04	highest education level
sh21_11_0	1	15.1538327165631	0.635161546645625	1.040056e-49	0.00318088201824296	7.63225174129353e-49	sh21_11	has health insurance coverage
hc33_03_1	1	14.5859381673208	0.66146294498612	1.483765e-42	0.00314823370814477	9.4078279443254806e-42	hc33_03	completeness of hc32 information
hv116_06_2	1	-14.4731176056351	0.501445423963472	7.751936e-70	0.0031228499445356	8.86364775193799e-69	hv116_06	currently, formerly, never married
hv101_10_4	1	-15.1845709981914	0.523569217334101	1.194304e-72	0.00310945124314643	1.46799866666667e-71	hv101_10	relationship to head
sh17a_06_3	1	-14.7950807979593	0.604664476585826	7.873401e-66	0.00308441677819349	8.38502994584838e-65	sh17a_06	highest education level
hb65_1_1	1	14.4499562679963	0.241977990788358	2.674494e-184	0.00295896499063752	3.15590292e-182	hb65_1	result of man's individual interview
hb65_4_7	1	-14.5084728915232	0.656876720706566	2.287719e-43	0.00293351478595283	1.47999365131579e-42	hb65_4	result of man's individual interview
hc33_03_3	1	-14.6239415444058	0.687517327346433	3.881849e-41	0.00290100558220507	2.35626636831276e-40	hc33_03	completeness of hc32 information
hv109_13_2	1	-14.5847610892603	0.748470503069014	3.662515e-36	0.00285130140366696	1.98976413443831e-35	hv109_13	educational attainment
sh19a_08_0	1	-15.2826448975778	0.579133368104103	1.442612e-55	0.00284042957070396	1.24073043731778e-54	sh19a_08	level currently attending
sh21_11_1	1	-15.1318753770563	0.623060675565376	1.531955e-50	0.00281881676845441	1.16475960051546e-49	sh21_11	has health insurance coverage
hv101_11_4	1	-14.4078446221214	0.655181625018108	2.299813e-50	0.0027487699027906	1.72632273536896e-49	hv101_11	relationship to head
sh21_10_0	1	15.3433981956632	0.611055067372999	6.680698e-58	0.00258386421875589	6.1395822741433e-57	sh21_10	has health insurance coverage
sh21_10_1	1	-15.343398192472	0.611055049192045	6.680672e-58	0.00258386421875589	6.1395822741433e-57	sh21_10	has health insurance coverage
v150_12	1	-14.2328444913414	0.231969426275104	5.071565e-188	0.00238226825073651	7.480558375e-186	v150	relationship to household head
hc13_03_0	1	14.7129943933265	0.865698868579064	1.517357e-32	0.00234720263033272	7.54841323777403e-32	hc13_03	result of measurement - height/weight
hc13_03_3	1	-14.7129944010044	0.865698880854201	1.517359e-32	0.0023472026303325	7.54841323777403e-32	hc13_03	result of measurement - height/weight
hv106_11_3	1	-14.6284722965389	0.693779180074036	3.534708e-48	0.00233122035969613	2.51262375903614e-47	hv106_11	highest educational level attained
hv109_11_5	1	-14.6284722965389	0.693779180074036	3.534708e-48	0.00233122035969613	2.51262375903614e-47	hv109_11	educational attainment
hml12_13_3	1	-14.4573637341087	0.819923155581947	9.703238e-33	0.00232790947413442	4.88473585324232e-32	hml12_13	type of mosquito bed net(s) person slept under last night
hv109_12_2	1	-14.6253624667239	0.640434075730503	7.333563e-48	0.00226645024811534	5.20048337740385e-47	hv109_12	educational attainment
hml32a_09_0	1	14.6741533724051	0.573852428335563	5.221474e-54	0.00223804724185839	4.29062626740947e-53	hml32a_09	presence of species: falciparum (pf)
hml32a_09_1	1	-14.6741533710858	0.573852427153696	5.221473e-54	0.00223804724185828	4.29062626740947e-53	hml32a_09	presence of species: falciparum (pf)
hv101_12_8	1	-14.300087578358	0.60854146632681	2.279146e-49	0.00217993622369506	1.65196085995086e-48	hv101_12	relationship to head
hv115_06_3	1	-14.5016679980994	0.588332341661003	6.789837e-60	0.00216555541060826	6.4612965e-59	hv115_06	current marital status
hml33_05_0	1	14.3664991529035	0.580965253133228	1.042456e-57	0.00214488819278735	9.4914975308642e-57	hml33_05	result of malaria measurement
sh17a_08_0	1	-15.1772787025731	0.538522285621209	9.305272e-67	0.00209355603910666	9.94585231884058e-66	sh17a_08	highest education level
hv101_09_8	1	-14.9882805674074	0.441463675420771	6.393429e-91	0.00204708816234589	1.11601275443787e-89	hv101_09	relationship to head
hv102_10_0	1	-14.1150584289434	0.494370480737832	1.417012e-71	0.00201259048821145	1.67879050200803e-70	hv102_10	usual resident
hv102_10_1	1	14.1150584300801	0.494370483420458	1.417013e-71	0.00201259048821145	1.67879050200803e-70	hv102_10	usual resident
hv109_05_4	1	-14.344354252808	0.372551316623046	3.934511e-123	0.00198753338248725	1.11603917788462e-121	hv109_05	educational attainment
sh19a_04_3	1	-14.3662787205518	0.459500660148651	1.159073e-87	0.00198573320662176	1.82848414438503e-86	sh19a_04	level currently attending
hv101_12_4	1	-14.4409893200172	0.733526497894158	2.27213e-41	0.00194706023653024	1.38201721649485e-40	hv101_12	relationship to head
hv109_11_2	1	-14.325395900401	0.735065214063351	3.259337e-44	0.0019039812521450799	2.14143522271715e-43	hv109_11	educational attainment
hv122_02_1	1	-14.5820141852125	0.32205187900809	3.202698e-147	0.00190392415045637	1.476243609375e-145	hv122_02	educational level during current school year
hv106_04_3	1	-14.4069238325472	0.31288770011798	3.408145e-147	0.00189284736143913	1.52333753787879e-145	hv106_04	highest educational level attained
hv109_04_5	1	-14.4069238325472	0.31288770011798	3.408145e-147	0.00189284736143913	1.52333753787879e-145	hv109_04	educational attainment
sh17a_10_0	1	-14.3740823444395	0.690789631585465	2.103785e-39	0.00186208107263586	1.21928600196464e-38	sh17a_10	highest education level
ha66_02_3	1	-14.4682181737498	0.433523712394048	3.645202e-98	0.00183302897417059	7.16889726666667e-97	ha66_02	woman's highest educational level
hv109_02_4	1	-3.06494602081818	1.0599887690922	0.00407728707241236	0.00180275435057298	0.0142007046795944	hv109_02	educational attainment
hv102_06_1	1	14.3816889598091	0.466792499728213	3.183766e-96	0.00174123888311883	6.13863379084967e-95	hv102_06	usual resident
hv102_06_0	1	-14.3816889584293	0.466792492640676	3.183754e-96	0.00174123888311872	6.13863379084967e-95	hv102_06	usual resident
hv116_08_2	1	-14.9755346156742	0.58776263466542	5.121127e-50	0.00173775304519452	3.78629690476191e-49	hv116_08	currently, formerly, never married
ha65_03_6	1	-14.3704975304764	0.603919421440907	5.430224e-56	0.00173155570421069	4.72541616519174e-55	ha65_03	result of woman's individual interview
hv111_11_0	1	-15.0706390211819	0.637194662918919	1.727132e-49	0.00171091151350033	1.25803660493827e-48	hv111_11	mother alive
hv111_11_1	1	15.0706390239371	0.637194673435613	1.727135e-49	0.00171091151349989	1.25803660493827e-48	hv111_11	mother alive
hv101_13_4	1	-14.5702255630239	0.838515703258684	2.986926e-32	0.00171085663096515	1.47348356187291e-31	hv101_13	relationship to head
hv109_07_4	1	-14.25391414908	0.493845756829959	2.616122e-86	0.00170061534384325	3.99873569948187e-85	hv109_07	educational attainment
hml33_08_0	1	14.7751500961174	0.824452823512229	4.267787e-36	0.00169959257105634	2.30585561355311e-35	hml33_08	result of malaria measurement
hml32_08_6	1	-15.0424445095596	1.16632296375225	3.756735e-24	0.0016946938457274	1.63940358727811e-23	hml32_08	final result of malaria from blood smear test
mv022_10	1	-14.0802395208349	0.302689781500533	6.103606e-151	0.00167054233732933	2.90413511290323e-149	mv022	sample stratum number
mv023_10	1	-14.0802395208349	0.302689781500533	6.103606e-151	0.00167054233732933	2.90413511290323e-149	mv023	sample domain
mv829_31	1	-13.994347636287	0.596883727405261	2.493613e-64	0.00166860624497134	2.59019660211268e-63	mv829	place where last hiv test was taken
hv106_07_3	1	-14.2057658631862	0.466657504920768	2.90167e-91	0.00164199553678646	5.18783424242424e-90	hv106_07	highest educational level attained
hv109_07_5	1	-14.2057658631862	0.466657504920768	2.90167e-91	0.00164199553678646	5.18783424242424e-90	hv109_07	educational attainment
hv106_12_3	1	-13.8706322909357	1.0288871299417	1.1973e-26	0.00163631888716176	5.45909582689335e-26	hv106_12	highest educational level attained
hv109_12_5	1	-13.8706322909357	1.0288871299417	1.1973e-26	0.00163631888716176	5.45909582689335e-26	hv109_12	educational attainment
v481b_1	1	-14.4423414466065	0.338935429730594	1.024926e-139	0.00163201856224315	3.92666454545455e-138	v481b	health insurance type: provided by employer
v481b_0	1	14.4423414465575	0.338935429482626	1.024926e-139	0.00163201856224304	3.92666454545455e-138	v481b	health insurance type: provided by employer
v822_8	1	-14.182692888908	0.225186111056127	1.252893e-191	0.00162862500149696	2.05335241666667e-189	v822	wife justified asking husband to use condom if he has sti
hv101_13_11	1	-14.5095199952841	0.801475995007103	1.257213e-33	0.00162801349961161	6.43885130208333e-33	hv101_13	relationship to head
hml6_6	1	-14.9836835177663	0.336673067772103	1.19185e-132	0.0016142598301403	3.86368956043956e-131	hml6	net treatment status
hml7_96	1	-14.9836835177663	0.336673067772103	1.19185e-132	0.0016142598301403	3.86368956043956e-131	hml7	brand of net
hv106_08_3	1	-14.2808538172889	0.496604202897781	9.802787e-83	0.00158922694215846	1.43871749502488e-81	hv106_08	highest educational level attained
hv109_08_5	1	-14.2808538172889	0.496604202897781	9.802787e-83	0.00158922694215846	1.43871749502488e-81	hv109_08	educational attainment
hv116_07_2	1	-14.1327135399202	0.578344384857198	2.074123e-51	0.00157466761334302	1.59756210182768e-50	hv116_07	currently, formerly, never married
hv116_09_2	1	-14.2425839798564	0.662744953925139	1.172019e-39	0.00157406053834575	6.8194399408284e-39	hv116_09	currently, formerly, never married
hv103_12_0	1	-14.2870262310838	0.68608865026136	7.735939e-44	0.00156982190466304	5.04890085176991e-43	hv103_12	slept last night
hv103_12_1	1	14.2870262317606	0.686088653826163	7.735943e-44	0.00156982190466304	5.04890085176991e-43	hv103_12	slept last night
hv115_04_4	1	-14.0832632339541	0.462073410397534	2.768589e-88	0.00156537871570839	4.46302598360656e-87	hv115_04	current marital status
sh716c_04_2	1	-14.7670528085979	0.663878498592628	2.58042e-47	0.00156533182477692	1.81243785714286e-46	sh716c_04	consent for counseling and further testing (women)
hv122_12_3	1	-13.9748071879351	1.07833266598902	2.395383e-25	0.00152501468779676	1.0610179954955e-24	hv122_12	educational level during current school year
hv253_1	1	-14.5217846678996	0.377325682515214	4.461293e-127	0.00152471387403319	1.34294023979592e-125	hv253	has dwelling been sprayed against mosquitoes in last 12 months
hv111_12_0	1	-14.6285924336254	1.03860518753852	7.560415e-26	0.00152084024552646	3.37927863636364e-25	hv111_12	mother alive
hv111_12_1	1	14.6285923764262	1.03860519256734	7.56042e-26	0.00152084024552623	3.37927863636364e-25	hv111_12	mother alive
hc57_03_1	1	-14.6030275096813	1.03651269274009	1.728965e-24	0.00150820364021442	7.58995052083333e-24	hc57_03	anemia level
sh17a_05_0	1	-14.3069025677151	0.448866963411667	6.391663e-91	0.00147848492302349	1.11601275443787e-89	sh17a_05	highest education level
hc33_01_3	1	-14.2776548573946	0.517539782276649	1.35479e-86	0.00144345789470823	2.08157838541667e-85	hc33_01	completeness of hc32 information
hb65_3_7	1	-14.1208463807828	0.516514725846236	3.867442e-70	0.00143608168754006	4.4566226171875e-69	hb65_3	result of man's individual interview
hv115_07_3	1	-14.1708916827894	0.608089470095704	3.712774e-49	0.00139119411891087	2.68448120098039e-48	hv115_07	current marital status
hv106_06_3	1	-14.569321461973	0.597097130108489	6.031861e-74	0.0013856435373405	7.70302595238095e-73	hv106_06	highest educational level attained
hv109_06_5	1	-14.569321461973	0.597097130108489	6.031861e-74	0.0013856435373405	7.70302595238095e-73	hv109_06	educational attainment
mv829_17	1	-14.0694090101447	0.600416146994069	2.736783e-64	0.00137616352860914	2.83281047368421e-63	mv829	place where last hiv test was taken
hml31_08_1	1	14.9584942313971	0.929914472911359	7.759496e-32	0.00133635951115185	3.77731679042904e-31	hml31_08	read consent statement for malaria
hml31_08_2	1	-14.9584942344619	0.929914485460249	7.759505e-32	0.00133635951115174	3.77731679042904e-31	hml31_08	read consent statement for malaria
hv115_08_3	1	-14.0008639947583	0.629020999435549	3.091841e-44	0.00133110145054116	2.03592208705357e-43	hv115_08	current marital status
hml33_08_4	1	-14.9504126138153	0.929885395890177	5.090722e-32	0.00131580402856601	2.49462290697674e-31	hml33_08	result of malaria measurement
hml7_26	1	-14.19677028451	0.468780122266976	2.209162e-92	0.00128912648133506	4.09875968553459e-91	hml7	brand of net
hml33_05_3	1	-14.500074214132	0.737754811778986	2.672659e-45	0.00122688547102301	1.80419772311213e-44	hml33_05	result of malaria measurement
hb57_3_2	1	-13.9683217463417	0.525129112973344	2.881023e-64	0.00122414285552341	2.97168456293706e-63	hb57_3	anemia level
ha13_03_6	1	-14.432169264752	0.723385085059519	2.750105e-46	0.00122372487456412	1.88669994186047e-45	ha13_03	result of measurement - height/weight
hb65_4_4	1	-14.4452058936585	0.809673558436969	4.809067e-35	0.00121002842771634	2.54242789426523e-34	hb65_4	result of man's individual interview
sh816c_02_2	1	-14.3353633190448	0.905970521984581	2.517388e-34	0.00119349040903538	1.29603745200698e-33	sh816c_02	consent for counseling and further testing (men)
hml32_05_7	1	-14.4741700292808	0.712250215365277	3.532743e-46	0.00119151037213028	2.41800274941995e-45	hml32_05	final result of malaria from blood smear test
hv101_5	1	-14.22682254831	0.244725759733205	1.252369e-180	0.00117379367798576	1.23149618333333e-178	hv101	relationship to head
v150_102	1	-14.22682254831	0.244725759733205	1.252369e-180	0.00117379367798576	1.23149618333333e-178	v150	relationship to household head
hv101_11_11	1	-14.339874143533	0.813013010316495	1.892464e-39	0.00113713946695415	1.09897023622047e-38	hv101_11	relationship to head
hml32_04_7	1	-14.8428896274596	0.716813069901385	3.146048e-48	0.00113333096928381	2.25263145631068e-47	hml32_04	final result of malaria from blood smear test
hv101_08_11	1	-13.8834067100767	0.461488804843762	8.185256e-87	0.00112634344483264	1.27086869473684e-85	hv101_08	relationship to head
v480_1	1	14.2404086451101	0.37518666623914	1.534332e-115	0.00112347882930475	3.97042052631579e-114	v480	syringe and needle from new, unopened package
hv121_01_2	1	-14.317914990395	0.290031151225311	1.042046e-158	0.00108385057151772	6.02754990196078e-157	hv121_01	member attended school during current school year
hv121_01_0	1	14.3179149914127	0.290031155808724	1.042051e-158	0.00108385057151739	6.02754990196078e-157	hv121_01	member attended school during current school year
hv122_01_0	1	14.3179149914127	0.290031155808724	1.042051e-158	0.00108385057151739	6.02754990196078e-157	hv122_01	educational level during current school year
hv124_01	1	-1.50321611815733	0.0773074092796844	1.939168e-57	0.00108385005318556	1.75476858895706e-56	hv124	education in single years - current school year
sh816c_2	1	-14.2764672987618	0.274247777683903	9.745576e-166	0.00108277244791777	7.77012140540541e-164	sh816c	consent for counseling and further testing (men)
hb65_1_2	1	-13.4486281050127	0.34131504918954	5.871136e-130	0.00108269502871472	1.85883265957447e-128	hb65_1	result of man's individual interview
mv307_03_1	1	-13.5658576751919	0.394639121398066	1.874632e-108	0.0010793271878311	4.28694914728682e-107	mv307_03	contraceptive method currently used
mv307_03_0	1	13.5658577532058	0.394639118098984	1.874625e-108	0.00107932718783077	4.28694914728682e-107	mv307_03	contraceptive method currently used
hv122_01_2	1	-14.3337893448625	0.296662886118723	6.926033e-156	0.00104208292613728	3.78366617592593e-154	hv122_01	educational level during current school year
hml12_12_3	1	-14.1310868241931	0.74642459326749	1.085248e-39	0.00103487499383415	6.33956752475248e-39	hml12_12	type of mosquito bed net(s) person slept under last night
mv633b_8	1	-2.5510376462931	1.0350612334156	0.0142009616347516	0.00102798616725486	0.0467553982394165	mv633b	wife justified refusing sex: husband has other women
sh17a_09_3	1	-14.2459341217365	0.973701176574466	2.05387e-30	0.00102558300090527	9.83590340909091e-30	sh17a_09	highest education level
hb65_1_7	1	-13.4020271541577	0.349754915384404	1.51858e-126	0.00102192548670488	4.52506161616162e-125	hb65_1	result of man's individual interview
hv122_1	1	-14.267116950386	0.252277357030174	7.017256e-177	0.0010211951557787	6.08850152941176e-175	hv122	educational level during current school year
ha13_02_6	1	-13.7487159504178	0.851336618433277	1.607046e-41	0.00101583887987444	9.91796171548117e-41	ha13_02	result of measurement - height/weight
hc55_01_4	1	-13.8101269813461	0.396951531295389	6.373119e-110	0.0010005215555956	1.49211913095238e-108	hc55_01	result of measurement - hemoglobin
hv101_03_5	1	-14.1747147333912	0.290777573023778	1.734244e-155	9.85469454442667e-4	9.30185418181818e-154	hv101_03	relationship to head
hv102_04_0	1	-13.3276420538377	0.388527034456559	8.305407e-112	9.52924369964969e-4	2.02487244214876e-110	hv102_04	usual resident
hv102_04_1	1	13.3276420498789	0.388527034550842	8.305409e-112	9.52924369964636e-4	2.02487244214876e-110	hv102_04	usual resident
hv115_06_4	1	-13.3629379860768	0.59402762953335	1.907398e-54	9.33804684067896e-4	1.59400116147309e-53	hv115_06	current marital status
sh716c_03_2	1	-14.0296880802113	0.553165531297134	1.153981e-63	9.30739803036817e-4	1.17387722413793e-62	sh716c_03	consent for counseling and further testing (women)
hc52_01_2	1	-13.791150500119	0.393638064061229	2.444864e-110	9.22329290244273e-4	5.81641032258064e-109	hc52_01	read consent statement - hemoglobin
hc52_01_1	1	13.7911504985738	0.393638054022914	2.444848e-110	9.22329290244051e-4	5.81641032258064e-109	hc52_01	read consent statement - hemoglobin
hml17_11_6	1	-13.469956886988	0.904322530247919	4.25471e-32	9.16914674446323e-4	2.08841838602329e-31	hml17_11	flag for age from individual file
hv115_09_4	1	-13.244269030761	0.803944466909413	1.668178e-30	9.1581241209393e-4	8.00182943089431e-30	hv115_09	current marital status
hml17_11_3	1	-14.0398452044135	0.64944814540848	1.802462e-49	9.10287070592264e-4	1.30967066502463e-48	hml17_11	flag for age from individual file
hv101_07_11	1	-13.8354694140256	0.419163337691399	4.964437e-99	9.08723186377802e-4	9.96264568027211e-98	hv101_07	relationship to head
hml17_12_3	1	-14.1173683364798	0.663566362273852	8.487888e-45	9.01981470762925e-4	5.63947513513514e-44	hml17_12	flag for age from individual file
chl1_03_1	1	-13.2381746783628	0.518930693728862	6.517654e-70	8.80322931834709e-4	7.48135381322957e-69	chl1_03	worked for someone outside household
hv140_09_8	1	-13.9060093071473	0.614606189421524	6.129315e-56	8.79451820640087e-4	5.31808213235294e-55	hv140_09	member has a birth certificate
chl1_04_1	1	-13.7089375319299	0.669787972724974	2.207922e-47	8.63258881808715e-4	1.55450355608592e-46	chl1_04	worked for someone outside household
sh816c_05_2	1	-14.5031090653405	0.774139676937783	1.717369e-38	8.56023355460311e-4	9.76153863198459e-38	sh816c_05	consent for counseling and further testing (men)
hv103_07_0	1	-14.1760059377857	0.451135572932343	2.819018e-94	8.49026359411309e-4	5.33085612179487e-93	hv103_07	slept last night
hv103_07_1	1	14.1760059401183	0.45113558089834	2.819029e-94	8.49026359411087e-4	5.33085612179487e-93	hv103_07	slept last night
hv101_11_8	1	-14.0971815807775	0.648490596315678	9.250565e-50	8.47066259087703e-4	6.80527849127182e-49	hv101_11	relationship to head
hv109_08_4	1	-14.2592014946846	0.619484871009713	1.116214e-64	8.47049362274754e-4	1.16767067375887e-63	hv109_08	educational attainment
mv829_16	1	-13.7225689955074	0.649639012518023	6.231316e-57	8.30885848483787e-4	5.50370724550898e-56	mv829	place where last hiv test was taken
v150_11	1	-13.445998724183	0.341258930593137	5.92306e-130	8.17965740321336e-4	1.85883265957447e-128	v150	relationship to household head
hv101_09_4	1	-14.142768763183	0.650925167515566	2.309995e-57	8.08417577498943e-4	2.08394044342508e-56	hv101_09	relationship to head
mv248_8	1	-13.4695928928959	0.573851833310673	1.932262e-67	8.06419111784362e-4	2.09565180147059e-66	mv248	antenatal check-ups for the mother of most recent child
hv109_12_4	1	-13.344687505193	0.778252857746138	1.698975e-35	8.02949359822169e-4	9.06324819168174e-35	hv109_12	educational attainment
hv101_06_6	1	-13.2008669289394	0.530195404218488	7.761537e-76	7.95062570699834e-4	1.01762374e-74	hv101_06	relationship to head
v480_8	1	-13.2984596828447	0.448132025584102	1.455597e-90	7.94160062395077e-4	2.52588891176471e-89	v480	syringe and needle from new, unopened package
hml6_4_6	1	-13.1960635830685	0.793919604466346	1.3849760000000001e-32	7.93729362761009e-4	6.92488e-32	hml6_4	net treatment status
hml7_4_96	1	-13.1960635830685	0.793919604466346	1.3849760000000001e-32	7.93729362761009e-4	6.92488e-32	hml7_4	brand of net
hml32a_02_1	1	-13.5710336010139	0.471029194488175	2.466653e-92	7.81347656894193e-4	4.51964369565217e-91	hml32a_02	presence of species: falciparum (pf)
hml32a_02_0	1	13.5710335991479	0.471029192678807	2.466651e-92	7.81347656893971e-4	4.51964369565217e-91	hml32a_02	presence of species: falciparum (pf)
hv103_11_0	1	-13.2208545722652	0.736905185278811	3.054426e-40	7.73691159811518e-4	1.80211134e-39	hv103_11	slept last night
hv103_11_1	1	13.2208545729784	0.73690518479559	3.054426e-40	7.73691159811518e-4	1.80211134e-39	hv103_11	slept last night
hml6_3_6	1	-14.0144671817437	0.630653202003671	1.463728e-60	7.6848805446772e-4	1.39741022653722e-59	hml6_3	net treatment status
hml7_3_96	1	-14.0144671817437	0.630653202003671	1.463728e-60	7.6848805446772e-4	1.39741022653722e-59	hml7_3	brand of net
sh17a_10_3	1	-13.4625419922417	0.964382726816371	7.593049e-26	7.67117113991467e-4	3.38872837367625e-25	sh17a_10	highest education level
v825_8	1	-13.3029156598666	0.343925339131854	1.089673e-127	7.65828943263602e-4	3.31395396907216e-126	v825	would buy vegetables from vendor with hiv
hml6_2_6	1	-13.7951200929883	0.364945382977658	6.83899e-119	7.60716027929265e-4	1.81756941441441e-117	hml6_2	net treatment status
hml7_2_96	1	-13.7951200929883	0.364945382977658	6.83899e-119	7.60716027929265e-4	1.81756941441441e-117	hml7_2	brand of net
hml31_05_1	1	13.3366485046132	0.785003515782166	5.443352e-38	7.51370173654564e-4	3.02979026415094e-37	hml31_05	read consent statement for malaria
hml31_05_2	1	-13.3366485054648	0.785003514998631	5.443352e-38	7.51370173654231e-4	3.02979026415094e-37	hml31_05	read consent statement for malaria
hml33_07_0	1	14.0620071607805	0.732547916506541	9.072934e-42	7.51188681987758e-4	5.67058375e-41	hml33_07	result of malaria measurement
hc13_01_4	1	-13.9624390569766	0.416928755663828	2.71965e-106	7.50459510299506e-4	5.94293888888889e-105	hc13_01	result of measurement - height/weight
hml17_12_6	1	-13.1552533555671	0.814953331003613	3.172342e-33	7.47522848784432e-4	1.61351877586207e-32	hml17_12	flag for age from individual file
hc61_01_3	1	-14.0591867859385	0.589489021964322	1.512126e-72	7.39378216357611e-4	1.82818512295082e-71	hc61_01	mother's highest educational level
hml32_04_6	1	-13.75944135264	0.798676691130148	4.759822e-39	7.35725535354392e-4	2.72649998058252e-38	hml32_04	final result of malaria from blood smear test
hv214_32	1	-13.4579781469701	0.387276132985607	7.007848e-115	7.32769885122497e-4	1.7821682413793101e-113	hv214	main wall material
sh19a_06_3	1	-13.3316414858586	0.687299429261199	2.661654e-47	7.27289883974525e-4	1.86505446555819e-46	sh19a_06	level currently attending
hml32_03_6	1	-13.6572053141654	0.982064628898472	4.697905e-29	7.24585669573674e-4	2.21033807814992e-28	hml32_03	final result of malaria from blood smear test
hml33_05_4	1	-13.3150457220441	0.784960169713528	3.647323e-38	7.20586984347182e-4	2.04555187262357e-37	hml33_05	result of malaria measurement
hml32_06_7	1	-13.6317060587708	0.718636157038622	4.19647e-43	6.69214097013815e-4	2.69121445652174e-42	hml32_06	final result of malaria from blood smear test
hv122_04_3	1	-13.2450733748542	0.438730570354889	1.003866e-97	6.60260879541186e-4	1.96119516556291e-96	hv122_04	educational level during current school year
hv101_08_4	1	-14.0278160854066	0.672526930492136	1.583117e-57	6.54968744382756e-4	1.43698312307692e-56	hv101_08	relationship to head
hml31_07_1	1	13.097327145753	0.802563514173833	9.950807e-35	6.51983897521524e-4	5.20476607269504e-34	hml31_07	read consent statement for malaria
hml31_07_2	1	-13.0973271451471	0.802563511736962	9.950804e-35	6.51983897521524e-4	5.20476607269504e-34	hml31_07	read consent statement for malaria
hv115_09_3	1	-13.2131844650634	0.798406097432749	1.187452e-30	6.49989001626272e-4	5.70518469055375e-30	hv115_09	current marital status
hml33_07_4	1	-13.0956466030819	0.802559383958359	1.006749e-34	6.49864438083569e-4	5.25647707964602e-34	hml33_07	result of malaria measurement
hv101_10_2	1	-13.3806407254512	0.832494750064047	1.425316e-37	6.47850890601376e-4	7.8887095684803e-37	hv101_10	relationship to head
v741_3	1	-13.3205340299862	0.361573607483704	1.274168e-121	6.38341901427308e-4	3.54603358490566e-120	v741	type of earnings from respondent's work
mv743b_6	1	-13.5149937682642	0.399561906011968	1.354416e-109	6.37152395800644e-4	3.14608440944882e-108	mv743b	person who should have greater say: large household purchases
ha63_03_4	1	-13.4917398108258	0.819697409278501	7.212545e-37	6.30027523419008e-4	3.95483415427509e-36	ha63_03	result of measurement - hiv
sh19a_04_0	1	-13.3432783567362	0.643756138920718	6.841068e-56	6.22868894905704e-4	5.91822598240469e-55	sh19a_04	level currently attending
hv140_07_8	1	-13.6640885109074	0.479753604772046	5.328343e-80	6.15745782726829e-4	7.55702492788462e-79	hv140_07	member has a birth certificate
ha65_02_6	1	-13.4845377599445	0.60164683646444	9.656448e-64	6.10363090382982e-4	9.85692788927336e-63	ha65_02	result of woman's individual interview
hv106_09_3	1	-13.2505159225658	0.841582251455612	3.004163e-38	6.09387298571296e-4	1.69775495210728e-37	hv106_09	highest educational level attained
hv109_09_5	1	-13.2505159225658	0.841582251455612	3.004163e-38	6.09387298571296e-4	1.69775495210728e-37	hv109_09	educational attainment
sh17a_07_0	1	-13.8430366560724	0.659209542696311	1.261621e-51	6.08719518260581e-4	9.82000514511873e-51	sh17a_07	highest education level
hv102_11_0	1	-12.9158362783471	0.558988274370445	5.373733e-53	6.04465883888183e-4	4.30775112771739e-52	hv102_11	usual resident
hv102_11_1	1	12.9158362792522	0.558988277730307	5.373737e-53	6.0446588388785e-4	4.30775112771739e-52	hv102_11	usual resident
hv253b_1	1	-13.4554397065261	0.590553821074829	7.712203e-71	6.01287560521468e-4	9.06414296812749e-70	hv253b	dwelling sprayed by: private company
hml32_03_7	1	-13.5898555182649	0.820704878676068	4.187792e-36	6.01012689844138e-4	2.26678649541284e-35	hml32_03	final result of malaria from blood smear test
hv101_06_4	1	-12.9972230035188	0.454541257619599	8.400897e-89	5.9800970267232e-4	1.3616838543956e-87	hv101_06	relationship to head
ha35_02_1	1	-13.8092424184109	1.02701896770658	1.534471e-31	5.93814848638408e-4	7.42080237704918e-31	ha35_02	smoking (cigarettes in last 24 hours)
ha35_02_0	1	13.8092424200616	1.02701896851352	1.534471e-31	5.93814848638297e-4	7.42080237704918e-31	ha35_02	smoking (cigarettes in last 24 hours)
hv102_12_1	1	13.1082463144554	0.673895266184661	7.5303e-41	5.88692776189115e-4	4.52431466395112e-40	hv102_12	usual resident
hv102_12_0	1	-13.1082463116639	0.673895260438372	7.530294e-41	5.88692776189004e-4	4.52431466395112e-40	hv102_12	usual resident
hv140_05_8	1	-13.1358586026808	0.523432164944722	2.85886e-75	5.84681533503772e-4	3.71525859030837e-74	hv140_05	member has a birth certificate
sh17a_04_0	1	-13.3069914708555	0.479849964525772	1.130769e-82	5.83151554336192e-4	1.65137056930693e-81	sh17a_04	highest education level
hv215_32	1	-13.3738114226705	0.425828127411104	2.493298e-103	5.65551009706788e-4	5.1797388028169e-102	hv215	main roof material
hv101_05_4	1	-12.9618808243836	0.391005243524776	2.757823e-106	5.61616635559314e-4	5.98204253676471e-105	hv101_05	relationship to head
hml21_4_8	1	-13.1941917485111	1.167530846565	1.621303e-20	5.48583306993367e-4	6.58793918732782e-20	hml21_4	someone slept under this net last night
hv101_07_4	1	-13.8849837228511	0.586839458080516	5.008302e-69	5.39669933563913e-4	5.63911866412214e-68	hv101_07	relationship to head
mv829_25	1	-12.9138952203436	0.818856930209215	4.604422e-39	5.3484394120451e-4	2.64261573929961e-38	mv829	place where last hiv test was taken
v312_3	1	-13.3514210684872	0.381077460238077	7.707925e-116	5.31662293844604e-4	2.01224590707965e-114	v312	current contraceptive method
hml12_11_3	1	-13.0244133312711	0.697573294485301	3.945343e-42	5.31602765915018e-4	2.4816123347548e-41	hml12_11	type of mosquito bed net(s) person slept under last night
hv101_03_4	1	-13.1922522071845	0.363568722042258	5.866256e-119	5.26068090468401e-4	1.58765644036697e-117	hv101_03	relationship to head
hml6_3_2	1	-12.9607928350749	0.611276108067284	2.820015e-57	5.20615142492797e-4	2.52858487841945e-56	hml6_3	net treatment status
hml7_3_26	1	-12.9607928350749	0.611276108067284	2.820015e-57	5.20615142492797e-4	2.52858487841945e-56	hml7_3	brand of net
ha13_04_6	1	-13.2554801208936	1.12146460627328	4.407877e-20	5.16553776508832e-4	1.76914791156463e-19	ha13_04	result of measurement - height/weight
hml33_04_4	1	-13.7123588948043	0.7184476837304	9.947553e-45	5.12973108144132e-4	6.59444524719101e-44	hml33_04	result of malaria measurement
hb55_2_6	1	-13.1645486587082	0.506240206459592	2.238028e-79	5.07086489645592e-4	3.05656601851852e-78	hb55_2	result of measurement - hemoglobin
sh21_03_8	1	-13.2070565986219	0.604184587120941	2.86282e-63	5.01968839541345e-4	2.85314831081081e-62	sh21_03	has health insurance coverage
hml31_06_2	1	-13.3946685377584	0.734756903757639	1.439202e-41	0.00049954631218007705	8.90073134171908e-41	hml31_06	read consent statement for malaria
hml31_06_1	1	13.3946685387101	0.734756907346685	1.439203e-41	4.99546312179966e-4	8.90073134171908e-41	hml31_06	read consent statement for malaria
hml33_06_4	1	-13.3789079247685	0.734734181800754	1.063772e-41	4.84408471048137e-4	6.63451881606765e-41	hml33_06	result of malaria measurement
hml33_03_4	1	-13.6526840047722	0.715310560120736	5.61189e-43	4.74376874991855e-4	3.58334967532468e-42	hml33_03	result of malaria measurement
hv101_07_2	1	-13.8098330272652	0.516271690717485	1.846651e-79	4.72423196979377e-4	2.55756828638498e-78	hv101_07	relationship to head
hv101_11_2	1	-12.9227597986612	0.657827855904536	1.317405e-44	4.63117815769132e-4	8.71377746636771e-44	hv101_11	relationship to head
hv239_3	1	-12.6687697806985	0.71489489861419	2.013107e-50	4.55984707696366e-4	1.51884031969309e-49	hv239	food cooked on stove or open fire
sh19a_05_0	1	-13.7891005222901	0.636621588727725	2.322828e-56	4.5474528377909e-4	2.03333608308605e-55	sh19a_05	level currently attending
hml31_04_2	1	-13.561486508042501	0.759950863343325	4.498476e-41	4.51854975671462e-4	2.7193656147541e-40	hml31_04	read consent statement for malaria
hml31_04_1	1	13.5614865057919	0.759950855975361	4.498471e-41	4.51854975671129e-4	2.7193656147541e-40	hml31_04	read consent statement for malaria
ha63_01_4	1	-12.7858250666558	0.635444844197912	8.297112e-60	4.30749615853432e-4	7.87025093247588e-59	ha63_01	result of measurement - hiv
hv122_3	1	-13.3085822821585	0.481071029735339	1.102217e-89	4.28659477621274e-4	1.86870123563218e-88	hv122	educational level during current school year
hv201_41	1	-12.4779428476406	0.561935886227744	1.546483e-68	4.26431342713918e-4	1.72155654716981e-67	hv201	source of drinking water
hv101_13_2	1	-13.254023017167	1.02910125524945	4.09488e-23	4.20305315012359e-4	1.76091778425656e-22	hv101_13	relationship to head
hv101_09_2	1	-12.8408035831137	0.661746503690382	4.209874e-50	4.19292498480606e-4	3.12038399497487e-49	hv101_09	relationship to head
hc55_03_4	1	-12.8599201807622	1.15609860720968	1.023892e-18	4.08373944074336e-4	4.02194593874834e-18	hc55_03	result of measurement - hemoglobin
hml32_07_6	1	-12.9582602146336	0.799714309649789	2.370798e-34	4.03463839939278e-4	1.22484309982487e-33	hml32_07	final result of malaria from blood smear test
hv115_08_4	1	-12.8552776871505	0.75240919015989	8.183179e-34	3.97430058916348e-4	4.20564077526132e-33	hv115_08	current marital status
hb65_1_4	1	-12.5214046404345	0.519897320714691	5.81756e-76	3.95409837614324e-4	7.66151875e-75	hb65_1	result of man's individual interview
hc52_03_1	1	12.839649098425	1.15644779397578	9.827211e-19	3.92567068480343e-4	3.86536966e-18	hc52_03	read consent statement - hemoglobin
hc52_03_2	1	-12.8396490975996	1.15644779084043	9.82721e-19	3.92567068479899e-4	3.86536966e-18	hc52_03	read consent statement - hemoglobin
hb65_3_4	1	-13.1831936273113	0.72760309096519	2.321304e-44	3.92566265952299e-4	1.53195677852349e-43	hb65_3	result of man's individual interview
hv122_02_3	1	-13.3161032574297	0.530992789432604	9.606604e-80	3.90071582940021e-4	1.33676800943396e-78	hv122_02	educational level during current school year
hv101_07_6	1	-12.8120071297324	0.522436863187186	5.436997e-72	3.86382933728169e-4	6.54658822448979e-71	hv101_07	relationship to head
hml17_10_6	1	-13.0506456365382	0.980249060827737	3.442392e-29	3.83103863170531e-4	1.62221348242811e-28	hml17_10	flag for age from individual file
v762am_1	1	-12.4164507231716	0.506187253924772	1.064008e-77	3.81649708502962e-4	1.43325547945205e-76	v762am	source for condoms: private mobile clinic
v762am_0	1	12.4164507241449	0.506187257300402	1.06401e-77	3.8164970850274e-4	1.43325547945205e-76	v762am	source for condoms: private mobile clinic
hv140_11_8	1	-12.7154551665659	0.74430480890609	3.035045e-35	3.77277843965462e-4	1.61032063848921e-34	hv140_11	member has a birth certificate
hv215_23	1	-13.2891748610787	0.413931219765473	8.600621e-106	3.71085613420141e-4	1.85195853649635e-104	hv215	main roof material
hml32_08_7	1	-13.656748604002	0.963774972669461	4.565205e-27	3.68696175694128e-4	2.09445641524106e-26	hml32_08	final result of malaria from blood smear test
hv101_02_5	1	-13.2058867752073	0.364004164235589	8.587676e-120	3.68564467538746e-4	2.3457077962963e-118	hv101_02	relationship to head
mv717_98	1	-13.1518694897544	0.367044312851741	1.73365e-118	3.68289847894387e-4	4.56631026785714e-117	mv717	occupation (grouped)
hml17_08_6	1	-13.096653287193	0.841144443097982	4.159946e-39	3.6806004120038e-4	2.39217167641326e-38	hml17_08	flag for age from individual file
hv240_0	1	12.2859939667039	0.442937498469124	7.477735e-90	3.6281009151784e-4	1.29001861111111e-88	hv240	household has a chimney, hood or neither
hml8_4_8	1	-13.0578092363355	1.06197914384265	9.399635e-23	3.62416895153927e-4	4.01286877713459e-22	hml8_4	net treated since receiving
v784n_1	1	-13.0566436586391	0.427368874005088	3.955872e-99	3.57976397376669e-4	7.99305126712329e-98	v784n	place for hiv test: private mobile clinic
v784n_0	1	13.0566436620171	0.427368879288805	3.955883e-99	3.57976397376558e-4	7.99305126712329e-98	v784n	place for hiv test: private mobile clinic
sh21_04_8	1	-12.6793374399938	0.799327849072618	6.701291e-42	3.54077772610206e-4	4.1971992462845e-41	sh21_04	has health insurance coverage
sh19a_03_0	1	-12.8500777315794	0.702421430517763	1.102396e-46	3.5298835161246e-4	7.61608477751756e-46	sh19a_03	level currently attending
hb65_4_6	1	-12.2398310651961	1.06168449647613	5.887068e-21	3.52448829092578e-4	2.42215489539749e-20	hb65_4	result of man's individual interview
hv140_04_8	1	-12.4174842643875	0.722158403275103	5.309156e-47	3.45342599569753e-4	3.67652821596244e-46	hv140_04	member has a birth certificate
sh21_11_8	1	-13.2273347368249	1.06169799431131	4.871237e-24	3.42918871590991e-4	2.11949102507375e-23	sh21_11	has health insurance coverage
hv240_1	1	-12.3003294733193	0.464496998228908	4.038887e-85	3.39483940620111e-4	6.07893706632653e-84	hv240	household has a chimney, hood or neither
hv106_13_3	1	-12.1491545549551	1.09840829107784	3.692379e-19	3.29836027123553e-4	1.464048125e-18	hv106_13	highest educational level attained
hv109_13_5	1	-12.1491545549551	1.09840829107784	3.692379e-19	3.29836027123553e-4	1.464048125e-18	hv109_13	educational attainment
v480_0	1	-13.1053067447371	0.456615138893202	2.205011e-87	3.259171583464e-4	3.45999066489362e-86	v480	syringe and needle from new, unopened package
hb55_4_6	1	-13.1515546511787	1.07005892218301	1.108997e-22	3.2422958425915e-4	4.7208386002886e-22	hb55_4	result of measurement - hemoglobin
hb63_4_6	1	-13.1515546511787	1.07005892218301	1.108997e-22	3.2422958425915e-4	4.7208386002886e-22	hb63_4	result of measurement - hiv
hv253z_1	1	-12.5015639833709	0.556335857557185	1.351113e-69	3.20324508792269e-4	1.53299359615385e-68	hv253z	dwelling sprayed by: don't know
v762be_0	1	12.5151943306505	0.495670246172686	1.716783e-80	3.12121593566861e-4	2.45849992718447e-79	v762be	source for female condoms: field worker
v762be_1	1	-12.5151943282958	0.495670242616138	1.716781e-80	3.12121593566861e-4	2.45849992718447e-79	v762be	source for female condoms: field worker
hc55_02_4	1	-12.995283076046	0.733242790996579	1.393686e-43	3.04362994069995e-4	9.03598615384615e-43	hc55_02	result of measurement - hemoglobin
hv106_10_3	1	-12.2520322239832	0.905019282158111	7.139336e-30	3.01771948903684e-4	3.39147201288245e-29	hv106_10	highest educational level attained
hv109_10_5	1	-12.2520322239832	0.905019282158111	7.139336e-30	3.01771948903684e-4	3.39147201288245e-29	hv109_10	educational attainment
v762an_1	1	-12.2992190407818	0.445162947179623	1.502414e-89	2.96911816622281e-4	2.48995578651685e-88	v762an	source for condoms: private field worker
v762an_0	1	12.2992190408448	0.445162946663262	1.502413e-89	2.96911816621948e-4	2.48995578651685e-88	v762an	source for condoms: private field worker
sh19a_07_0	1	-13.818274818751	0.804513140328012	1.597054e-37	2.89880732807335e-4	8.8226765917603e-37	sh19a_07	level currently attending
hml33_08_3	1	-13.3515942789908	0.880748899485833	6.353709e-30	2.83652214561281e-4	3.0280196365105e-29	hml33_08	result of malaria measurement
mv510_8	1	-11.760504607519	0.652706832022481	3.174607e-51	2.81633752199362e-4	2.43249107792208e-50	mv510	completeness of date information in mv509
v784m_1	1	-13.0107439225465	0.474588853584817	8.185475e-88	2.81179869115467e-4	1.30525811621622e-86	v784m	place for hiv test: pharmacy
v784m_0	1	13.0107439278054	0.474588864352984	8.185517e-88	2.81179869115022e-4	1.30525811621622e-86	v784m	place for hiv test: pharmacy
ha65_02_5	1	-12.1629215782122	0.899475308940661	3.243266e-32	2.73308118472593e-4	1.59726789649416e-31	ha65_02	result of woman's individual interview
hml32_05_6	1	-12.0493799650803	0.899282548241142	6.23102e-28	2.66833464363181e-4	2.87660547730829e-27	hml32_05	final result of malaria from blood smear test
hc52_02_1	1	12.8395346335386	0.755286127872917	1.846816e-41	2.6310167475907e-4	1.13031269709544e-40	hc52_02	read consent statement - hemoglobin
hc52_02_2	1	-12.8395346327752	0.755286122594337	1.846815e-41	2.63101674758626e-4	1.13031269709544e-40	hc52_02	read consent statement - hemoglobin
hv253c_1	1	-12.6194054598161	0.55754996093299	3.057518e-70	2.61701117205915e-4	3.56509015810277e-69	hv253c	dwelling sprayed by: ngo
hml32b_05_0	1	12.2870698443977	0.775413747582092	2.831442e-39	2.51255352856972e-4	1.63139724609375e-38	hml32b_05	presence of species: malariae (pm)
hml32b_05_1	1	-12.2870698439141	0.775413746808378	2.831442e-39	2.51255352856972e-4	1.63139724609375e-38	hml32b_05	presence of species: malariae (pm)
hml17_06_6	1	-12.0386819864502	0.61352084622407	3.080938e-56	2.50000995474564e-4	2.68898434911243e-55	hml17_06	flag for age from individual file
mv307_17_0	1	12.5035712327401	0.632624686606953	9.858358e-59	2.48886885464539e-4	9.20321768987342e-58	mv307_17	contraceptive method currently used
mv307_17_1	1	-12.5035712333133	0.632624687979465	9.858362e-59	2.48886885463984e-4	9.20321768987342e-58	mv307_17	contraceptive method currently used
hv234a_6	1	-12.3916295000003	0.470469717257424	1.126912e-84	2.48877940769998e-4	1.68750781725888e-83	hv234a	result of salt test for iodine
hv122_06_3	1	-12.2868675807275	0.654163197366075	4.895722e-53	2.47747211729488e-4	3.96768678571429e-52	hv122_06	educational level during current school year
hc33_02_6	1	-12.0896637404344	0.756157577155025	7.561206e-40	0.00024699809789863203	4.43450451292246e-39	hc33_02	completeness of hc32 information
hv122_10_3	1	-12.4460481959658	1.05798782798753	1.717362e-24	2.44242539057082e-4	7.55025022354695e-24	hv122_10	educational level during current school year
sh21_07_8	1	-12.7101114830481	0.641317241892963	5.794583e-53	2.43272201155609e-4	4.63252570460705e-52	sh21_07	has health insurance coverage
hb63_4_4	1	-11.960763158603	0.81198342943794	3.069702e-28	2.42228445873516e-4	1.42160453689168e-27	hb63_4	result of measurement - hiv
v762ad_1	1	-12.3263943258339	0.655845426853	8.299266e-55	2.40450602379316e-4	6.97516658119658e-54	v762ad	source for condoms: mobile clinic
v762ad_0	1	12.3263943255658	0.655845426548038	8.299266e-55	2.40450602379205e-4	6.97516658119658e-54	v762ad	source for condoms: mobile clinic
hc33_03_6	1	-12.2129896496325	0.887199674219596	7.787158e-26	2.39791295078562e-4	3.47010817220544e-25	hc33_03	completeness of hc32 information
hv252_4	1	-12.2619103652039	0.458488650384416	3.241346e-86	2.30186398148868e-4	4.92885087628866e-85	hv252	frequency household members smoke inside the house
hv214_12	1	-12.2891565206178	0.700010417117719	8.633235e-50	2.28942127591503e-4	6.3670108125e-49	hv214	main wall material
hb33_3_2	1	-13.0576048522329	1.05624319342307	1.444046e-26	2.26361823963961e-4	6.57397484567901e-26	hb33_3	completeness of hb32 information
hv230a_3	1	-12.1682152210922	0.557540850387659	5.101502e-67	2.24352152203733e-4	5.47252032727273e-66	hv230a	place where household members wash their hands
hml32_06_6	1	-12.5286604812558	0.994917918776576	7.867207e-26	2.22404406826637e-4	3.50049180241327e-25	hml32_06	final result of malaria from blood smear test
sh21_09_8	1	-12.1469145011156	1.06534767033707	2.63704e-23	2.21813867210985e-4	1.1356595620438e-22	sh21_09	has health insurance coverage
hv109_10_4	1	-12.8713429798026	0.790917103211818	3.537213e-38	2.21185395093526e-4	1.98757682857143e-37	hv109_10	educational attainment
hv101_13_6	1	-12.2232011795807	1.09978663701601	2.816064e-19	2.20013140729169e-4	1.12110510121457e-18	hv101_13	relationship to head
hv246c	1	-10.7460757198187	0.619754154975038	6.476971e-49	2.19995266114381e-4	4.64892079075426e-48	hv246c	owns horses/ donkeys/ mules
sh21_06_8	1	-12.1500581411865	0.738241378843862	2.330208e-43	2.13798077004168e-4	1.50418240700219e-42	sh21_06	has health insurance coverage
ha63_02_6	1	-12.0828794765612	0.571632220820747	2.926787e-59	2.1330639645778e-4	2.75847337060703e-58	ha63_02	result of measurement - hiv
hv120_02_1	1	-12.4055614069696	0.732063469000865	2.709018e-47	2.12678241344078e-4	1.88926787234043e-46	hv120_02	children eligibility for height/weight and hemoglobin
hv120_02_0	1	12.4055614061404	0.732063468382248	2.709018e-47	2.12678241343967e-4	1.88926787234043e-46	hv120_02	children eligibility for height/weight and hemoglobin
hv101_02_4	1	-12.1219422295428	0.572122511395214	2.080289e-64	2.12051036475369e-4	2.16849913427562e-63	hv101_02	relationship to head
ha65_01_5	1	-12.3010337279514	0.539593436084712	2.126903e-70	2.10117995933623e-4	2.48982692460317e-69	ha65_01	result of woman's individual interview
hv205_14	1	-12.1018253764215	0.781195953984667	1.738293e-41	2.08582777158739e-4	1.07055623173278e-40	hv205	type of toilet facility
hv201_71	1	-12.3959162820002	0.530213806183273	3.434397e-73	2.07322998596493e-4	4.2814420464135e-72	hv201	source of drinking water
hv102_01_0	1	-12.06955559895	0.391459630715491	2.769453e-101	1.99438825915776e-4	5.6735321875e-100	hv102_01	usual resident
hv102_01_1	1	12.0695555992366	0.391459630221616	2.769452e-101	1.99438825915776e-4	5.6735321875e-100	hv102_01	usual resident
ha65_04_7	1	-12.2939385411594	1.12186465858231	2.591131e-18	1.98429684675649e-4	1.01377141246684e-17	ha65_04	result of woman's individual interview
hml17_07_6	1	-12.6443883706482	0.515820080168502	5.899008e-72	1.95574562456113e-4	7.07401365853659e-71	hml17_07	flag for age from individual file
hv226_9	1	-12.5835643479791	0.889968498159242	3.844333e-36	1.94701582809209e-4	2.08470263786765e-35	hv226	type of cooking fuel
v767a_6	1	-12.2387084580172	0.526659204773283	1.456699e-72	1.93286089529621e-4	1.77572811983471e-71	v767a	relationship with most recent sex partner
hv205_41	1	-11.8395730600993	1.01078490757673	6.435252e-27	1.91255176556493e-4	2.94325479069767e-26	hv205	type of toilet facility
hb65_1_5	1	-12.3496401828535	0.535716921463677	6.690034e-72	1.90209161189614e-4	7.99012157894737e-71	hb65_1	result of man's individual interview
hml8_8	1	-12.1768123312787	0.841089676823283	3.13833e-36	1.89360000007244e-4	1.70813164206642e-35	hml8	net treated since receiving
hv213_32	1	-12.1868413875972	0.493442633093387	2.35615e-78	1.88890649860274e-4	3.20306105990783e-77	hv213	main floor material
mv762bf_1	1	-11.763859103518	0.738235875384211	2.925539e-43	1.86870141236195e-4	1.88024837690632e-42	mv762bf	source for female condoms: other public
mv762bf_0	1	11.763859103839	0.73823587564577	2.925539e-43	1.86870141235973e-4	1.88024837690632e-42	mv762bf	source for female condoms: other public
hml8_3_8	1	-11.7908229920148	0.721793906454193	5.558146e-41	1.81565705883235e-4	3.35307376278119e-40	hml8_3	net treated since receiving
v762bl_1	1	-12.3262578317718	0.544699295540739	3.177311e-70	1.80320493591957e-4	3.6757127254902e-69	v762bl	source for female condoms: private doctor
v762bl_0	1	12.326257831377	0.544699295372102	3.177311e-70	1.80320493591846e-4	3.6757127254902e-69	v762bl	source for female condoms: private doctor
hml8_1_8	1	-11.8784304334814	0.610636178675824	3.903148e-57	1.80158495162952e-4	3.48917775757576e-56	hml8_1	net treated since receiving
hv115_07_4	1	-11.8730821693923	0.760916185780035	5.129619e-32	1.79565577859031e-4	2.50951509950249e-31	hv115_07	current marital status
hml33_05_6	1	-11.8535025973746	1.06881483859105	9.11891e-22	1.77214292602756e-4	3.83202058404558e-21	hml33_05	result of malaria measurement
hv226_6	1	-12.236085688456	0.536884237800682	7.269371e-71	1.76917006645683e-4	8.57785778e-70	hv226	type of cooking fuel
mv829_26	1	-11.6727833065276	1.02742747016444	2.848922e-24	1.71309332149705e-4	1.24878453194651e-23	mv829	place where last hiv test was taken
v767b_96	1	-11.9691469719808	0.813996641455861	2.727658e-36	1.69143630496582e-4	1.48735510166359e-35	v767b	relationship with 2nd to most recent sex partner
v784d_0	1	11.8787300063312	0.489002620664041	4.795567e-76	1.68838361773505e-4	6.34391150224215e-75	v784d	place for hiv test: family planning clinic
v784d_1	1	-11.878730004907	0.489002617962039	4.795561e-76	1.68838361773394e-4	6.34391150224215e-75	v784d	place for hiv test: family planning clinic
hb65_1_6	1	-12.3584354180765	0.603535328926782	1.316156e-61	1.68407799245429e-4	1.2730033442623e-60	hb65_1	result of man's individual interview
hv113_10_8	1	-11.8945888600733	1.10790368993385	1.129582e-20	1.67933461410419e-4	4.60257859116022e-20	hv113_10	father alive
mv307_06_0	1	12.1465173787721	0.652379946874891	1.874112e-50	1.65831452040188e-4	1.41759753846154e-49	mv307_06	contraceptive method currently used
mv307_06_1	1	-12.1465173805362	0.652379947680786	1.874112e-50	1.65831452039855e-4	1.41759753846154e-49	mv307_06	contraceptive method currently used
sh21_05_8	1	-11.9905346167437	0.697100685196408	1.895936e-46	1.65803693494393e-4	1.30373221445221e-45	sh21_05	has health insurance coverage
mv532_5	1	-12.2385182704542	0.527134929110604	1.497179e-72	1.64634815733478e-4	1.81756298353909e-71	mv532	flag for mv531
hv140_08_8	1	-11.9832969760657	0.961106973595965	1.194091e-27	1.62774131061805e-4	5.49542659906396e-27	hv140_08	member has a birth certificate
mv762at_0	1	12.3120436911087	0.626352527780008	2.690682e-58	1.62487291985092e-4	2.4960729245283e-57	mv762at	source for condoms: church
mv762at_1	1	-12.3120436898461	0.626352526247827	2.690681e-58	1.6248729198487e-4	2.4960729245283e-57	mv762at	source for condoms: church
hv101_03_7	1	-12.0676203903075	0.516812933582328	1.237493e-72	1.61693165127597e-4	1.51477358921162e-71	hv101_03	relationship to head
hv252_3	1	-12.161660226462	0.507187946050273	1.510236e-75	1.60498917404994e-4	1.97132575221239e-74	hv252	frequency household members smoke inside the house
v767a_96	1	-12.3545752294764	0.6693956371578	2.143194e-53	1.52495463177416e-4	1.7417141322314e-52	v767a	relationship with most recent sex partner
hml32b_08_0	1	11.7532076981622	0.874763082345654	2.030989e-28	1.49112868239709e-4	9.45019006309148e-28	hml32b_08	presence of species: malariae (pm)
hml32b_08_1	1	-11.7532076997556	0.874763087856964	2.03099e-28	1.49112868239376e-4	9.45019006309148e-28	hml32b_08	presence of species: malariae (pm)
hb63_3_4	1	-11.7081411332076	0.686274129287244	8.314344e-41	1.48603318364193e-4	4.97511456389452e-40	hb63_3	result of measurement - hiv
hml17_04_2	1	-12.3461014422025	0.932902525488855	1.814637e-32	1.47560369386124e-4	9.01208611111111e-32	hml17_04	flag for age from individual file
sh21_08_8	1	-12.0801187506982	1.04850455770287	1.385376e-24	1.4678294919257e-4	6.09978985074627e-24	sh21_08	has health insurance coverage
hb65_2_3	1	-12.174635915443	0.757535103471728	1.152331e-42	1.46699630356628e-4	7.32624234913793e-42	hb65_2	result of man's individual interview
v762bm_0	1	11.5611411085282	0.708273059537411	8.116064e-45	1.45194233483359e-4	5.40460243792325e-44	v762bm	source for female condoms: private mobile clinic
v762bm_1	1	-11.5611411065721	0.708273058052345	8.116061e-45	1.45194233483137e-4	5.40460243792325e-44	v762bm	source for female condoms: private mobile clinic
hb63_1_4	1	-11.6096248527097	0.722401601291066	8.352855e-44	1.35907877637509e-4	5.42751591409692e-43	hb63_1	result of measurement - hiv
mv762af_0	1	12.1683733157031	0.520484810748316	3.439667e-73	1.35836748689555e-4	4.2814420464135e-72	mv762af	source for condoms: other public
mv762af_1	1	-12.1683733142443	0.520484808095458	3.439664e-73	1.35836748689333e-4	4.2814420464135e-72	mv762af	source for condoms: other public
hb65_3_5	1	-12.1440504379235	1.05048898508402	4.210747e-24	1.31985253898792e-4	1.83481590103397e-23	hb65_3	result of man's individual interview
mv762bo_0	1	12.2008169996283	0.841173086196221	1.418938e-37	1.31321382054628e-4	7.8681712406015e-37	mv762bo	source for female condoms: other private medical
mv762bo_1	1	-12.2008170019069	0.841173088262174	1.418938e-37	1.31321382054628e-4	7.8681712406015e-37	mv762bo	source for female condoms: other private medical
hv109_13_4	1	-12.0136912463387	1.10250522206023	8.482539e-19	1.25348266960534e-4	3.34538637032086e-18	hv109_13	educational attainment
hv101_10_7	1	-12.1018970737539	1.0579929195736	1.62811e-23	1.22810462302558e-4	7.04241129032258e-23	hv101_10	relationship to head
sh19a_05_3	1	-11.6167131868494	1.04853265716417	6.143604e-23	1.19458097351477e-4	2.63042551523948e-22	sh19a_05	level currently attending
ha57_02_1	1	-11.837118175336	0.648154217703138	3.225731e-48	1.16022443610309e-4	2.30409357142857e-47	ha57_02	anemia level
hv101_12_2	1	-12.0817961473809	1.07266833031102	4.048416e-21	1.15201516934005e-4	1.68684e-20	hv101_12	relationship to head
hv241_6	1	-11.4907121727379	0.750077546482614	8.926388e-41	1.13844118842965e-4	5.33053534412955e-40	hv241	food cooked in the house/ separate building/ outdoors
hml32b_06_0	1	11.5306528615499	0.83709088666258	8.832975e-32	1.13054785340627e-4	4.28573768092105e-31	hml32b_06	presence of species: malariae (pm)
hml32b_06_1	1	-11.5306528628884	0.837090889574267	8.832978e-32	1.13054785340516e-4	4.28573768092105e-31	hml32b_06	presence of species: malariae (pm)
hb65_3_6	1	-11.5547752093906	0.716037909911739	2.687077e-38	1.1130188287034e-4	1.52439945192308e-37	hb65_3	result of man's individual interview
ha63_02_4	1	-11.1046961743391	0.771679459051722	2.88145e-35	1.11027745874903e-4	1.53158153153153e-34	ha63_02	result of measurement - hiv
sh19a_07_3	1	-12.2192276357319	1.12126429263976	7.920631e-21	1.08648925950083e-4	3.24075748266297e-20	sh19a_07	level currently attending
hv101_08_2	1	-11.6389738893769	0.849218820230924	1.424342e-32	1.05804193701875e-4	7.10965972927242e-32	hv101_08	relationship to head
ha57_03_1	1	-11.5579195514323	1.09897751571548	7.796718e-20	1.04922228803872e-4	3.12080299864315e-19	ha57_03	anemia level
hv101_11_6	1	-11.7961105191271	1.07341569881318	2.581632e-21	1.04355156071767e-4	1.07720147100424e-20	hv101_11	relationship to head
hml8_2_8	1	-11.750401138245	0.829362252044515	1.429499e-35	1.03084287741639e-4	7.68127877959927e-35	hml8_2	net treated since receiving
hml33_07_3	1	-11.8669111269778	1.07091401609361	4.327303e-21	1.00318108116504e-4	1.80049983779972e-20	hml33_07	result of malaria measurement
hb55_3_6	1	-11.5940591601565	0.849411753277476	2.266292e-30	9.94204086095518e-5	1.08355938411669e-29	hb55_3	result of measurement - hemoglobin
hb63_3_6	1	-11.5912380080016	0.849426851892872	2.324257e-30	9.8871358613084e-5	1.10947542880259e-29	hb63_3	result of measurement - hiv
hml7_21	1	-12.1223254425766	1.02833337606526	1.583743e-26	9.6791443410793e-5	7.19883181818182e-26	hml7	brand of net
v762bn_0	1	11.3606265977783	0.805297046309067	5.126167e-36	9.47354000756517e-5	2.75952528284672e-35	v762bn	source for female condoms: private field worker
v762bn_1	1	-11.3606265979277	0.80529704819758	5.126169e-36	9.47354000756517e-5	2.75952528284672e-35	v762bn	source for female condoms: private field worker
v481x_0	1	11.0769514085799	0.503621767810818	1.070501e-67	9.37518091890244e-5	1.16530660516605e-66	v481x	health insurance type: other
v481x_1	1	-11.0769514089517	0.503621769024972	1.070502e-67	9.37518091889133e-5	1.16530660516605e-66	v481x	health insurance type: other
hv122_07_3	1	-12.1590258805341	1.03366132805078	2.833565e-26	9.36691759779729e-5	1.28402715053763e-25	hv122_07	educational level during current school year
hv239_6	1	-11.3939553721627	0.843745457703276	1.178907e-33	9.11494918079958e-5	6.04830547826087e-33	hv239	food cooked on stove or open fire
v762bd_0	1	11.4432743504343	0.853825531557142	2.794793e-33	8.97976254352617e-5	1.42394462003454e-32	v762bd	source for female condoms: mobile clinic
v762bd_1	1	-11.4432743505968	0.853825532248402	2.794793e-33	8.97976254348176e-5	1.42394462003454e-32	v762bd	source for female condoms: mobile clinic
hv213_21	1	-11.3652334720773	1.00955516489689	2.923457e-25	8.77967240604516e-5	1.29298323088456e-24	hv213	main floor material
hml33_08_6	1	-11.3779299447747	1.16702624083067	5.490709e-17	8.64012954084892e-5	2.14253856481481e-16	hml33_08	result of malaria measurement
sh110i_0	1	11.130920678836	0.579828402231424	1.950675e-56	8.55977121100304e-5	1.71264620535714e-55	sh110i	owns washing machine
sh110i_1	1	-11.1309206793536	0.579828402145969	1.950675e-56	8.55977121100304e-5	1.71264620535714e-55	sh110i	owns washing machine
hv226_96	1	-11.4170847362558	0.819475927156649	2.474378e-35	8.55486308182218e-5	1.31758395306859e-34	hv226	type of cooking fuel
hv101_09_6	1	-11.7335564552529	1.0583174856059	4.12546e-23	8.40576957137351e-5	1.77148573508006e-22	hv101_09	relationship to head
sh118g_1	1	-11.0528635933667	0.672169617821813	2.657619e-45	7.67947206464781e-5	1.79816032110092e-44	sh118g	owns tractor
sh118g_0	1	11.0528635952775	0.67216961915039	2.65762e-45	7.67947206463671e-5	1.79816032110092e-44	sh118g	owns tractor
hv101_2	1	-11.3728277048143	0.858605475477139	1.11888e-32	7.09469050016454e-5	5.61342857142857e-32	hv101	relationship to head
v150_99	1	-11.3728277048143	0.858605475477139	1.11888e-32	7.09469050016454e-5	5.61342857142857e-32	v150	relationship to household head
v312_10	1	-11.3195372340977	0.823618282323632	1.338102e-34	6.70633128181386e-5	6.93743567662566e-34	v312	current contraceptive method
mv313_1	1	-11.3195372340977	0.823618282323632	1.338102e-34	6.70633128181386e-5	6.93743567662566e-34	mv313	current contraceptive by method type
mv762bu_0	1	11.0825702990159	0.604838016480547	6.741524e-53	6.4202956154058e-5	5.36051099730458e-52	mv762bu	source for female condoms: friends/relatives
mv762bu_1	1	-11.082570298057	0.604838015038706	6.741521e-53	6.4202956154058e-5	5.36051099730458e-52	mv762bu	source for female condoms: friends/relatives
v463c_1	1	-11.0007910946865	0.534050968787987	4.243027e-62	6.32360000183407e-5	4.13099988448845e-61	v463c	uses chewing tobacco
v463c_0	1	11.0007910949297	0.534050967155568	4.2430250000000004e-62	6.32360000181187e-5	4.13099988448845e-61	v463c	uses chewing tobacco
hv101_4	1	-10.5547870964925	1.00652885380146	1.593804e-22	6.19141156996683e-5	6.7650673381295e-22	hv101	relationship to head
v150_101	1	-10.5547870964925	1.00652885380146	1.593804e-22	6.19141156996683e-5	6.7650673381295e-22	v150	relationship to household head
hv122_05_3	1	-10.9254503636044	1.02214233101515	4.829661e-23	6.13464206529191e-5	2.07085755087209e-22	hv122_05	educational level during current school year
v312_6	1	-11.0749607335602	0.632253899375529	1.241944e-49	5.91608622626527e-5	9.09115334987593e-49	v312	current contraceptive method
hb65_1_3	1	-11.0478208677311	0.614393450170631	1.629197e-51	5.59741505798961e-5	1.26477135526316e-50	hb65_1	result of man's individual interview
hv226_1	1	-10.4899112353428	1.01055704105909	3.72444e-22	5.54214579109313e-5	1.57634117647059e-21	hv226	type of cooking fuel
hv215_11	1	-10.4892248916131	1.00713900324406	2.825685e-22	5.53546641846037e-5	1.1976682112069e-21	hv215	main roof material
hv101_11_7	1	-10.8643229000291	1.07182461923633	5.530005e-19	5.27958301302922e-5	2.18679822386059e-18	hv101_11	relationship to head
hv101_02_7	1	-11.0775641489908	0.68572517539433	4.122379e-44	5.27607434943622e-5	2.70244845555556e-43	hv101_02	relationship to head
mv483b_96	1	-11.1181577320805	0.753241185212392	1.463019e-38	5.21325938814821e-5	8.36415901162791e-38	mv483b	who performed the circumcision
hc13_01_6	1	-10.7893959272419	0.886633540852577	3.138428e-28	5.17418726236896e-5	1.45115401253918e-27	hc13_01	result of measurement - height/weight
v763c_8	1	-11.1026353042731	0.70010565307264	5.92851e-43	5.081494051562e-5	3.77734438444924e-42	v763c	had genital discharge in last 12 months
hv213_22	1	-11.0880073097848	0.736356317239633	9.220173e-40	4.33210056045574e-5	5.39672824404762e-39	hv213	main floor material
v481c_0	1	10.9294206346381	0.604991572716556	7.462395e-52	4.25972971814792e-5	5.83927460212202e-51	v481c	health insurance type: social security
v481c_1	1	-10.92942063504	0.604991572156577	7.462394e-52	4.25972971814792e-5	5.83927460212202e-51	v481c	health insurance type: social security
hv113_06_8	1	-10.7340581917859	1.02876315061621	7.695484e-22	4.21434108809349e-5	3.23847044222539e-21	hv113_06	father alive
hv122_01_3	1	-11.0154446180328	0.924729287795142	1.192854e-27	4.11502111880013e-5	5.49542659906396e-27	hv122_01	educational level during current school year
hv111_09_8	1	-10.5749446754536	1.07711917814696	1.118083e-18	3.92714235981639e-5	4.386096875e-18	hv111_09	mother alive
hv226_3	1	-10.290925666117	1.00761653715451	1.408004e-21	3.76750515272972e-5	5.89164794326241e-21	hv226	type of cooking fuel
ha52_01_2	1	-10.1437318321391	1.01598539123116	9.664011e-21	3.33927250206756e-5	3.94313035269709e-20	ha52_01	read consent statement - hemoglobin
hv101_7	1	-10.0245388275148	0.762994854256524	2.884454e-32	3.31110136750912e-5	1.42531646566164e-31	hv101	relationship to head
v150_104	1	-10.0245388275148	0.762994854256524	2.884454e-32	3.31110136750912e-5	1.42531646566164e-31	v150	relationship to household head
mv301_2	1	-9.98950586646227	0.724486946856915	8.971341e-35	3.14044382508927e-5	4.71000306939502e-34	mv301	knowledge of any contraceptive method
hv101_05_7	1	-9.90647975891266	1.03781882523756	3.384756e-19	2.89932482048227e-5	1.34569140161725e-18	hv101_05	relationship to head
hml17_2	1	-10.0296741036946	0.827247471992088	1.951502e-28	2.80654842371719e-5	9.10906787974684e-28	hml17	flag for age from individual file
v014_2	1	-10.0296741036946	0.827247471992088	1.951502e-28	2.80654842371719e-5	9.10906787974684e-28	v014	completeness of age information
hb33_1_2	1	-10.0296741036946	0.827247471992088	1.951502e-28	2.80654842371719e-5	9.10906787974684e-28	hb33_1	completeness of hb32 information
hb65_2_6	1	-9.82408767926891	0.784673136155336	2.287565e-29	2.76913236511023e-5	1.08146101762821e-28	hb65_2	result of man's individual interview
hb63_2_4	1	-9.9253178748595	1.01985518653882	1.159183e-19	2.62224417379997e-5	4.62732050067659e-19	hb63_2	result of measurement - hiv
hv240_2	1	-10.1052021803735	1.00946300009934	7.05919e-21	2.32176101477855e-5	2.90036357938719e-20	hv240	household has a chimney, hood or neither
hml17_01_2	1	-10.0853042057646	1.0092007675701	7.950009e-21	2.21196508706223e-5	3.24827237534626e-20	hml17_01	flag for age from individual file
hv113_07_8	1	-10.2791194605301	1.04381682466647	1.551998e-19	2.07357871286895e-5	6.18701905405405e-19	hv113_07	father alive
hv217_0	1	-9.93331346792781	0.768973201805382	2.008894e-31	2.02540976708132e-5	9.69924271685761e-31	hv217	relationship structure
hml8_3_1	1	-9.64019216466848	1.04021304230294	1.060177e-17	1.83615243499746e-5	4.14241344370861e-17	hml8_3	net treated since receiving
ha63_01_6	1	-9.94667003482881	1.01485314562002	3.932443e-20	1.66208545170354e-5	1.58047777247956e-19	ha63_01	result of measurement - hiv
hb63_1_6	1	-10.0100086717205	1.00925874039436	1.430622e-20	1.62123416610482e-5	5.8211515862069e-20	hb63_1	result of measurement - hiv
ha13_01_6	1	-9.88429476524693	1.01504511161934	6.495809e-20	1.57577301199696e-5	2.60361909646739e-19	ha13_01	result of measurement - height/weight
hv101_02_1	1	-9.97369237768622	1.01339849344973	2.629393e-20	1.45427435820356e-5	1.05821409959072e-19	hv101_02	relationship to head
hv205_43	1	-9.97360472300809	1.00962751138219	1.948855e-20	1.42877419967435e-5	7.90800859697387e-20	hv205	type of toilet facility
hv218	1	-9.95693805487638	1.01186432815532	2.62494e-20	1.31902714151089e-5	1.05786556693989e-19	hv218	line number of head of household
hv101_01_1	1	9.95693806311985	1.01186433564985	2.624941e-20	1.31902714151089e-5	1.05786556693989e-19	hv101_01	relationship to head
hv101_01_10	1	-9.95693805833124	1.01186433166269	2.624941e-20	1.31902714148868e-5	1.05786556693989e-19	hv101_01	relationship to head
hv237z_1	1	-8.8775935894254	0.818349032069941	8.514608e-24	1.08432832564009e-5	3.68841315712188e-23	hv237z	water usually treated by: don't know
hv237z_0	1	8.8775935894249	0.818349032492439	8.514608e-24	1.08432832560679e-5	3.68841315712188e-23	hv237z	water usually treated by: don't know
hv101_06_7	1	-9.72915888913101	1.02630512396257	7.01912e-19	1.05836218403654e-5	2.77194163319946e-18	hv101_06	relationship to head
hv205_15	1	-8.89150330691006	1.01960370579421	1.178402e-16	8.40113585964808e-6	4.59218745046235e-16	hv205	type of toilet facility
v763b_8	1	-7.82898552328723	1.01178778868509	1.120393e-13	2.67979037005261e-6	4.34889388157895e-13	v763b	had genital sore/ulcer in last 12 months
hv115_05_3	1	2.82139427271623	0.86060396253139	0.00122096737579625	0.0198414424632704	0.00410902482239123	hv115_05	current marital status
hv101_3	1	-2.34235376621789	0.524036872486214	1.06236307828541e-5	0.0109946538242345	3.69652650046678e-5	hv101	relationship to head
v150_100	1	-2.34235376621789	0.524036872486214	1.06236307828541e-5	0.0109946538242345	3.69652650046678e-5	v150	relationship to household head
v205	1	0.362880568594571	0.102607457025798	4.60539392296385e-4	0.00885329171490912	0.00156942118222422	v205	daughters elsewhere
hb0	1	-0.283873848052535	0.116623304351103	0.0154338171576574	0.0082906805778753	0.0467096704415369	hb0	index to household schedule
hivline	1	-0.283873848052535	0.116623304351103	0.0154338171576574	0.0082906805778753	0.0467096704415369	hivline	line
v013_6	1	1.22103930863313	0.384192152728917	0.00161552011662896	0.00702325219332023	0.0054062681068292	v013	age in 5-year groups
v513_4	1	1.27657196557629	0.417685231074006	0.00241508904436585	0.00672437297175021	0.00795668871205803	v513	cohabitation duration (grouped)
